{
   "providers":[
      {
         "type":"bitmap",
         "file":"minecraft:font/armor_stand/default.png",
         "ascent":24,
         "height":69,
         "chars":[
            "a"
         ]
      },
      {
         "type":"bitmap",
         "file":"minecraft:font/armor_stand/showarms.png",
         "ascent":24,
         "height":69,
         "chars":[
            "b"
         ]
      },
      {
         "type":"bitmap",
         "file":"minecraft:font/armor_stand/small.png",
         "ascent":24,
         "height":69,
         "chars":[
            "c"
         ]
      },
      {
         "type":"bitmap",
         "file":"minecraft:font/armor_stand/invisible.png",
         "ascent":24,
         "height":69,
         "chars":[
            "d"
         ]
      },
      {
         "type":"bitmap",
         "file":"minecraft:font/armor_stand/nobaseplate.png",
         "ascent":24,
         "height":69,
         "chars":[
            "e"
         ]
      },
      {
         "type":"bitmap",
         "file":"minecraft:font/armor_stand/customnamevisible.png",
         "ascent":24,
         "height":69,
         "chars":[
            "f"
         ]
      },
      {
         "type":"bitmap",
         "file":"minecraft:font/armor_stand/pose_1.png",
         "ascent":24,
         "height":69,
         "chars":[
            "g"
         ]
      },
      {
         "type":"bitmap",
         "file":"minecraft:font/armor_stand/pose_2.png",
         "ascent":24,
         "height":69,
         "chars":[
            "i"
         ]
      },
      {
         "type":"bitmap",
         "file":"minecraft:font/armor_stand/pose_3.png",
         "ascent":24,
         "height":69,
         "chars":[
            "j"
         ]
      },
      {
         "type":"bitmap",
         "file":"minecraft:font/armor_stand/pose_4.png",
         "ascent":24,
         "height":69,
         "chars":[
            "k"
         ]
      },
      {
         "type":"bitmap",
         "file":"minecraft:font/armor_stand/pose_5.png",
         "ascent":24,
         "height":69,
         "chars":[
            "l"
         ]
      },
      {
         "type":"bitmap",
         "file":"minecraft:font/armor_stand/pose_6.png",
         "ascent":24,
         "height":69,
         "chars":[
            "m"
         ]
      },
      {
         "type":"bitmap",
         "file":"minecraft:font/armor_stand/pose_7.png",
         "ascent":24,
         "height":69,
         "chars":[
            "n"
         ]
      },
      {
         "type":"bitmap",
         "file":"minecraft:font/armor_stand/pose_8.png",
         "ascent":24,
         "height":69,
         "chars":[
            "o"
         ]
      },
      {
         "type":"bitmap",
         "file":"minecraft:font/armor_stand/pose_9.png",
         "ascent":24,
         "height":69,
         "chars":[
            "p"
         ]
      },
      {
         "type":"bitmap",
         "file":"minecraft:font/armor_stand/pose_10.png",
         "ascent":24,
         "height":69,
         "chars":[
            "q"
         ]
      },
      {
         "type":"bitmap",
         "file":"minecraft:font/armor_stand/pose_11.png",
         "ascent":24,
         "height":69,
         "chars":[
            "r"
         ]
      },
      {
         "type":"bitmap",
         "file":"minecraft:font/armor_stand/pose_12.png",
         "ascent":24,
         "height":69,
         "chars":[
            "s"
         ]
      },
	        {
         "type":"bitmap",
         "file":"minecraft:font/item_frame/invisible.png",
         "ascent":24,
         "height":69,
         "chars":[
            "1"
         ]
      },
	  	        {
         "type":"bitmap",
         "file":"minecraft:font/item_frame/default.png",
         "ascent":24,
         "height":69,
         "chars":[
            "2"
         ]
      },
	  	  	        {
         "type":"bitmap",
         "file":"minecraft:font/item_frame/facing_0.png",
         "ascent":24,
         "height":69,
         "chars":[
            "3"
         ]
      },
	  	  	  	        {
         "type":"bitmap",
         "file":"minecraft:font/item_frame/facing_1.png",
         "ascent":24,
         "height":69,
         "chars":[
            "4"
         ]
      },
	  	  	  	        {
         "type":"bitmap",
         "file":"minecraft:font/item_frame/facing_2.png",
         "ascent":24,
         "height":69,
         "chars":[
            "5"
         ]
      },
	  	  	  	        {
         "type":"bitmap",
         "file":"minecraft:font/item_frame/facing_3.png",
         "ascent":24,
         "height":69,
         "chars":[
            "6"
         ]
      },
	  	  	  	        {
         "type":"bitmap",
         "file":"minecraft:font/item_frame/facing_4.png",
         "ascent":24,
         "height":69,
         "chars":[
            "7"
         ]
      },
	  	  	  	        {
         "type":"bitmap",
         "file":"minecraft:font/item_frame/facing_5.png",
         "ascent":24,
         "height":69,
         "chars":[
            "8"
         ]
      }
   ]
}