{
   "providers":[
      {
         "type":"bitmap",
         "file":"minecraft:font/recipes/coftif.png",
         "ascent":24,
         "height":139,
         "chars":[
            "a"
         ]
      },
      {
         "type":"bitmap",
         "file":"minecraft:font/recipes/aff.png",
         "ascent":24,
         "height":139,
         "chars":[
            "b"
         ]
      },
      {
         "type":"bitmap",
         "file":"minecraft:font/recipes/affwf.png",
         "ascent":24,
         "height":139,
         "chars":[
            "c"
         ]
      },
      {
         "type":"bitmap",
         "file":"minecraft:font/recipes/cotq.png",
         "ascent":24,
         "height":139,
         "chars":[
            "d"
         ]
      },
      {
         "type":"bitmap",
         "file":"minecraft:font/recipes/quarry.png",
         "ascent":24,
         "height":139,
         "chars":[
            "e"
         ]
      },
      {
         "type":"bitmap",
         "file":"minecraft:font/recipes/reload_quarry.png",
         "ascent":24,
         "height":139,
         "chars":[
            "f"
         ]
      },
      {
         "type":"bitmap",
         "file":"minecraft:font/recipes/quarry_silk_touch.png",
         "ascent":24,
         "height":139,
         "chars":[
            "g"
         ]
      },
      {
         "type":"bitmap",
         "file":"minecraft:font/recipes/quarry_fortune_iii.png",
         "ascent":24,
         "height":139,
         "chars":[
            "i"
         ]
      },
      {
         "type":"bitmap",
         "file":"minecraft:font/recipes/automatic_tree_farm.png",
         "ascent":24,
         "height":139,
         "chars":[
            "j"
         ]
      },
      {
         "type":"bitmap",
         "file":"minecraft:font/recipes/auto_feeder.png",
         "ascent":24,
         "height":139,
         "chars":[
            "k"
         ]
      },
      {
         "type":"bitmap",
         "file":"minecraft:font/recipes/killer.png",
         "ascent":24,
         "height":139,
         "chars":[
            "l"
         ]
      },
      {
         "type":"bitmap",
         "file":"minecraft:font/recipes/automatic_fish_farm.png",
         "ascent":24,
         "height":139,
         "chars":[
            "m"
         ]
      },
      {
         "type":"bitmap",
         "file":"minecraft:font/recipes/teleporter.png",
         "ascent":24,
         "height":139,
         "chars":[
            "n"
         ]
      },
      {
         "type":"bitmap",
         "file":"minecraft:font/recipes/storage_drawers.png",
         "ascent":24,
         "height":139,
         "chars":[
            "o"
         ]
      },
      {
         "type":"bitmap",
         "file":"minecraft:font/recipes/void_storage.png",
         "ascent":24,
         "height":139,
         "chars":[
            "p"
         ]
      },
      {
         "type":"bitmap",
         "file":"minecraft:font/recipes/enchant_reducer.png",
         "ascent":24,
         "height":139,
         "chars":[
            "q"
         ]
      },
      {
         "type":"bitmap",
         "file":"minecraft:font/recipes/mob_catcher.png",
         "ascent":24,
         "height":139,
         "chars":[
            "r"
         ]
      },
      {
         "type":"bitmap",
         "file":"minecraft:font/recipes/elevator.png",
         "ascent":24,
         "height":139,
         "chars":[
            "s"
         ]
      },
      {
         "type":"bitmap",
         "file":"minecraft:font/recipes/mob_filter.png",
         "ascent":24,
         "height":139,
         "chars":[
            "t"
         ]
      },
      {
         "type":"bitmap",
         "file":"minecraft:font/recipes/trapped_barrel.png",
         "ascent":24,
         "height":139,
         "chars":[
            "u"
         ]
      },
      {
         "type":"bitmap",
         "file":"minecraft:font/recipes/cots.png",
         "ascent":24,
         "height":139,
         "chars":[
            "v"
         ]
      },
      {
         "type":"bitmap",
         "file":"minecraft:font/recipes/submarine.png",
         "ascent":24,
         "height":139,
         "chars":[
            "w"
         ]
      },
      {
         "type":"bitmap",
         "file":"minecraft:font/recipes/armor_upgrade.png",
         "ascent":24,
         "height":139,
         "chars":[
            "x"
         ]
      },
      {
         "type":"bitmap",
         "file":"minecraft:font/recipes/attack_upgrade.png",
         "ascent":24,
         "height":139,
         "chars":[
            "z"
         ]
      },
      {
         "type":"bitmap",
         "file":"minecraft:font/recipes/speed_upgrade.png",
         "ascent":24,
         "height":139,
         "chars":[
            "A"
         ]
      },
      {
         "type":"bitmap",
         "file":"minecraft:font/recipes/fire_protection_upgrade.png",
         "ascent":24,
         "height":139,
         "chars":[
            "B"
         ]
      },
      {
         "type":"bitmap",
         "file":"minecraft:font/recipes/blast_protection_upgrade.png",
         "ascent":24,
         "height":139,
         "chars":[
            "C"
         ]
      },
      {
         "type":"bitmap",
         "file":"minecraft:font/recipes/totem_of_undying_upgrade.png",
         "ascent":24,
         "height":139,
         "chars":[
            "D"
         ]
      },
      {
         "type":"bitmap",
         "file":"minecraft:font/recipes/mining_dimension.png",
         "ascent":24,
         "height":139,
         "chars":[
            "E"
         ]
      },
      {
         "type":"bitmap",
         "file":"minecraft:font/recipes/hunting_dimension.png",
         "ascent":24,
         "height":139,
         "chars":[
            "F"
         ]
      },
      {
         "type":"bitmap",
         "file":"minecraft:font/recipes/sea_world_dimension.png",
         "ascent":24,
         "height":139,
         "chars":[
            "G"
         ]
      },
      {
         "type":"bitmap",
         "file":"minecraft:font/recipes/fluid_tank.png",
         "ascent":24,
         "height":139,
         "chars":[
            "I"
         ]
      },
      {
         "type":"bitmap",
         "file":"minecraft:font/recipes/digital_quarry.png",
         "ascent":24,
         "height":139,
         "chars":[
            "J"
         ]
      },
      {
         "type":"bitmap",
         "file":"minecraft:font/recipes/endless_dungeon.png",
         "ascent":24,
         "height":139,
         "chars":[
            "K"
         ]
      },
      {
         "type":"bitmap",
         "file":"minecraft:font/recipes/recipe_book_1.png",
         "ascent":24,
         "height":139,
         "chars":[
            "L"
         ]
      },
      {
         "type":"bitmap",
         "file":"minecraft:font/recipes/recipe_book_2.png",
         "ascent":24,
         "height":139,
         "chars":[
            "M"
         ]
      },
      {
         "type":"bitmap",
         "file":"minecraft:font/recipes/recipe_book_3.png",
         "ascent":24,
         "height":139,
         "chars":[
            "N"
         ]
      },
      {
         "type":"bitmap",
         "file":"minecraft:font/recipes/recipe_book_4.png",
         "ascent":24,
         "height":139,
         "chars":[
            "O"
         ]
      },
      {
         "type":"bitmap",
         "file":"minecraft:font/recipes/recipe_book_5.png",
         "ascent":24,
         "height":139,
         "chars":[
            "P"
         ]
      },
      {
         "type":"bitmap",
         "file":"minecraft:font/recipes/redstone_transmitter.png",
         "ascent":24,
         "height":139,
         "chars":[
            "Q"
         ]
      },
      {
         "type":"bitmap",
         "file":"minecraft:font/recipes/armor_stand_book.png",
         "ascent":24,
         "height":139,
         "chars":[
            "R"
         ]
      },
      {
         "type":"bitmap",
         "file":"minecraft:font/recipes/explosive_torpedo.png",
         "ascent":24,
         "height":139,
         "chars":[
            "S"
         ]
      },
      {
         "type":"bitmap",
         "file":"minecraft:font/recipes/door_key.png",
         "ascent":24,
         "height":139,
         "chars":[
            "T"
         ]
      },
      {
         "type":"bitmap",
         "file":"minecraft:font/recipes/redstone_forge.png",
         "ascent":24,
         "height":139,
         "chars":[
            "U"
         ]
      },
      {
         "type":"bitmap",
         "file":"minecraft:font/recipes/copper_forge.png",
         "ascent":24,
         "height":139,
         "chars":[
            "V"
         ]
      },
      {
         "type":"bitmap",
         "file":"minecraft:font/recipes/iron_forge.png",
         "ascent":24,
         "height":139,
         "chars":[
            "W"
         ]
      },
      {
         "type":"bitmap",
         "file":"minecraft:font/recipes/gold_forge.png",
         "ascent":24,
         "height":139,
         "chars":[
            "X"
         ]
      },
      {
         "type":"bitmap",
         "file":"minecraft:font/recipes/emerald_forge.png",
         "ascent":24,
         "height":139,
         "chars":[
            "Y"
         ]
      },
      {
         "type":"bitmap",
         "file":"minecraft:font/recipes/diamond_forge.png",
         "ascent":24,
         "height":139,
         "chars":[
            "Z"
         ]
      },
      {
         "type":"bitmap",
         "file":"minecraft:font/recipes/netherite_forge.png",
         "ascent":24,
         "height":139,
         "chars":[
            "&"
         ]
      },
      {
         "type":"bitmap",
         "file":"minecraft:font/recipes/cloning.png",
         "ascent":24,
         "height":139,
         "chars":[
            "#"
         ]
      },	
      {
         "type":"bitmap",
         "file":"minecraft:font/recipes/daily_quests.png",
         "ascent":24,
         "height":139,
         "chars":[
            "@"
         ]
      },
	  {
         "type":"bitmap",
         "file":"minecraft:font/recipes/player_head.png",
         "ascent":24,
         "height":139,
         "chars":[
            "é"
         ]
      },
      {
         "type":"bitmap",
         "file":"minecraft:font/recipes/more_machinery_features.png",
         "ascent":24,
         "height":139,
         "chars":[
            "~"
         ]
      } 	  
   ]
}