{
	"credit": "Made with Blockbench",
	"texture_size": [18, 18],
	"textures": {
		"0": "extravanilla:item/blessed_staff",
		"particle": "extravanilla:item/blessed_staff"
	},
	"elements": [
		{
			"name": "handle rear",
			"from": [-1, 0, 16],
			"to": [0, 1, 17],
			"faces": {
				"north": {"uv": [2.13333, 4.71112, 1.24445, 3.82223], "texture": "#0"},
				"east": {"uv": [2.13333, 4.71112, 1.24445, 3.82223], "texture": "#0"},
				"south": {"uv": [2.13333, 4.71112, 1.24445, 3.82223], "texture": "#0"},
				"west": {"uv": [2.13333, 4.71112, 1.24445, 3.82223], "texture": "#0"},
				"up": {"uv": [2.13333, 4.71112, 1.24445, 3.82223], "texture": "#0"},
				"down": {"uv": [2.13333, 4.71112, 1.24445, 3.82223], "texture": "#0"}
			}
		},
		{
			"name": "handle rear",
			"from": [0, 0, 15],
			"to": [1, 1, 16],
			"faces": {
				"north": {"uv": [2.13333, 4.71112, 1.24445, 3.82223], "texture": "#0"},
				"east": {"uv": [2.13333, 4.71112, 1.24445, 3.82223], "texture": "#0"},
				"south": {"uv": [2.13333, 4.71112, 1.24445, 3.82223], "texture": "#0"},
				"west": {"uv": [2.13333, 4.71112, 1.24445, 3.82223], "texture": "#0"},
				"up": {"uv": [2.13333, 4.71112, 1.24445, 3.82223], "texture": "#0"},
				"down": {"uv": [2.13333, 4.71112, 1.24445, 3.82223], "texture": "#0"}
			}
		},
		{
			"name": "handle rear",
			"from": [1, 0, 14],
			"to": [2, 1, 15],
			"faces": {
				"north": {"uv": [2.13333, 4.71112, 1.24445, 3.82223], "texture": "#0"},
				"east": {"uv": [2.13333, 4.71112, 1.24445, 3.82223], "texture": "#0"},
				"south": {"uv": [2.13333, 4.71112, 1.24445, 3.82223], "texture": "#0"},
				"west": {"uv": [2.13333, 4.71112, 1.24445, 3.82223], "texture": "#0"},
				"up": {"uv": [2.13333, 4.71112, 1.24445, 3.82223], "texture": "#0"},
				"down": {"uv": [2.13333, 4.71112, 1.24445, 3.82223], "texture": "#0"}
			}
		},
		{
			"name": "handle rear",
			"from": [2, 0, 13],
			"to": [3, 1, 14],
			"faces": {
				"north": {"uv": [2.13333, 4.71112, 1.24445, 3.82223], "texture": "#0"},
				"east": {"uv": [2.13333, 4.71112, 1.24445, 3.82223], "texture": "#0"},
				"south": {"uv": [2.13333, 4.71112, 1.24445, 3.82223], "texture": "#0"},
				"west": {"uv": [2.13333, 4.71112, 1.24445, 3.82223], "texture": "#0"},
				"up": {"uv": [2.13333, 4.71112, 1.24445, 3.82223], "texture": "#0"},
				"down": {"uv": [2.13333, 4.71112, 1.24445, 3.82223], "texture": "#0"}
			}
		},
		{
			"name": "handle rear",
			"from": [3, 0, 12],
			"to": [4, 1, 13],
			"faces": {
				"north": {"uv": [2.13333, 4.71112, 1.24445, 3.82223], "texture": "#0"},
				"east": {"uv": [2.13333, 4.71112, 1.24445, 3.82223], "texture": "#0"},
				"south": {"uv": [2.13333, 4.71112, 1.24445, 3.82223], "texture": "#0"},
				"west": {"uv": [2.13333, 4.71112, 1.24445, 3.82223], "texture": "#0"},
				"up": {"uv": [2.13333, 4.71112, 1.24445, 3.82223], "texture": "#0"},
				"down": {"uv": [2.13333, 4.71112, 1.24445, 3.82223], "texture": "#0"}
			}
		},
		{
			"name": "handle proper",
			"from": [4, 0, 11],
			"to": [5, 1, 12],
			"faces": {
				"north": {"uv": [2.13334, 11.82223, 1.24445, 10.93334], "texture": "#0"},
				"east": {"uv": [2.13334, 11.82223, 1.24445, 10.93334], "texture": "#0"},
				"south": {"uv": [2.13334, 11.82223, 1.24445, 10.93334], "texture": "#0"},
				"west": {"uv": [2.13334, 11.82223, 1.24445, 10.93334], "texture": "#0"},
				"up": {"uv": [2.13334, 11.82223, 1.24445, 10.93334], "texture": "#0"},
				"down": {"uv": [2.13334, 11.82223, 1.24445, 10.93334], "texture": "#0"}
			}
		},
		{
			"name": "handle proper",
			"from": [5, 0, 10],
			"to": [6, 1, 11],
			"faces": {
				"north": {"uv": [2.13334, 11.82223, 1.24445, 10.93334], "texture": "#0"},
				"east": {"uv": [2.13334, 11.82223, 1.24445, 10.93334], "texture": "#0"},
				"south": {"uv": [2.13334, 11.82223, 1.24445, 10.93334], "texture": "#0"},
				"west": {"uv": [2.13334, 11.82223, 1.24445, 10.93334], "texture": "#0"},
				"up": {"uv": [2.13334, 11.82223, 1.24445, 10.93334], "texture": "#0"},
				"down": {"uv": [2.13334, 11.82223, 1.24445, 10.93334], "texture": "#0"}
			}
		},
		{
			"name": "handle proper",
			"from": [6, 0, 9],
			"to": [7, 1, 10],
			"faces": {
				"north": {"uv": [2.13334, 11.82223, 1.24445, 10.93334], "texture": "#0"},
				"east": {"uv": [2.13334, 11.82223, 1.24445, 10.93334], "texture": "#0"},
				"south": {"uv": [2.13334, 11.82223, 1.24445, 10.93334], "texture": "#0"},
				"west": {"uv": [2.13334, 11.82223, 1.24445, 10.93334], "texture": "#0"},
				"up": {"uv": [2.13334, 11.82223, 1.24445, 10.93334], "texture": "#0"},
				"down": {"uv": [2.13334, 11.82223, 1.24445, 10.93334], "texture": "#0"}
			}
		},
		{
			"name": "staff main",
			"from": [9, 0, 6],
			"to": [10, 1, 7],
			"faces": {
				"north": {"uv": [2.13334, 4.71111, 1.24445, 3.82223], "texture": "#0"},
				"east": {"uv": [2.13334, 4.71111, 1.24445, 3.82223], "texture": "#0"},
				"south": {"uv": [2.13334, 4.71111, 1.24445, 3.82223], "texture": "#0"},
				"west": {"uv": [2.13334, 4.71111, 1.24445, 3.82223], "texture": "#0"},
				"up": {"uv": [2.13334, 4.71111, 1.24445, 3.82223], "texture": "#0"},
				"down": {"uv": [2.13334, 4.71111, 1.24445, 3.82223], "texture": "#0"}
			}
		},
		{
			"name": "staff main",
			"from": [8, 0, 7],
			"to": [9, 1, 8],
			"faces": {
				"north": {"uv": [2.13334, 4.71111, 1.24445, 3.82223], "texture": "#0"},
				"east": {"uv": [2.13334, 4.71111, 1.24445, 3.82223], "texture": "#0"},
				"south": {"uv": [2.13334, 4.71111, 1.24445, 3.82223], "texture": "#0"},
				"west": {"uv": [2.13334, 4.71111, 1.24445, 3.82223], "texture": "#0"},
				"up": {"uv": [2.13334, 4.71111, 1.24445, 3.82223], "texture": "#0"},
				"down": {"uv": [2.13334, 4.71111, 1.24445, 3.82223], "texture": "#0"}
			}
		},
		{
			"name": "staff main",
			"from": [7, 0, 8],
			"to": [8, 1, 9],
			"faces": {
				"north": {"uv": [2.13334, 4.71111, 1.24445, 3.82223], "texture": "#0"},
				"east": {"uv": [2.13334, 4.71111, 1.24445, 3.82223], "texture": "#0"},
				"south": {"uv": [2.13334, 4.71111, 1.24445, 3.82223], "texture": "#0"},
				"west": {"uv": [2.13334, 4.71111, 1.24445, 3.82223], "texture": "#0"},
				"up": {"uv": [2.13334, 4.71111, 1.24445, 3.82223], "texture": "#0"},
				"down": {"uv": [2.13334, 4.71111, 1.24445, 3.82223], "texture": "#0"}
			}
		},
		{
			"name": "staff main",
			"from": [10, 0, 5],
			"to": [11, 1, 6],
			"faces": {
				"north": {"uv": [2.13334, 4.71111, 1.24445, 3.82223], "texture": "#0"},
				"east": {"uv": [2.13334, 4.71111, 1.24445, 3.82223], "texture": "#0"},
				"south": {"uv": [2.13334, 4.71111, 1.24445, 3.82223], "texture": "#0"},
				"west": {"uv": [2.13334, 4.71111, 1.24445, 3.82223], "texture": "#0"},
				"up": {"uv": [2.13334, 4.71111, 1.24445, 3.82223], "texture": "#0"},
				"down": {"uv": [2.13334, 4.71111, 1.24445, 3.82223], "texture": "#0"}
			}
		},
		{
			"name": "staff main",
			"from": [11, -0.3, 4],
			"to": [12, 1.3, 5],
			"faces": {
				"north": {"uv": [6.22222, 0.88889, 5.33333, 0], "texture": "#0"},
				"east": {"uv": [6.22222, 0.88889, 5.33333, 0], "texture": "#0"},
				"south": {"uv": [6.22222, 0.88889, 5.33333, 0], "texture": "#0"},
				"west": {"uv": [6.22222, 0.88889, 5.33333, 0], "texture": "#0"},
				"up": {"uv": [6.22222, 0.88889, 5.33333, 0], "texture": "#0"},
				"down": {"uv": [6.22222, 0.88889, 5.33333, 0], "texture": "#0"}
			}
		},
		{
			"name": "staff main",
			"from": [14.3, -0.3, 0.55],
			"to": [15.45, 1.3, 1.7],
			"faces": {
				"north": {"uv": [2.13333, 6.66667, 1.24444, 5.77778], "texture": "#0"},
				"east": {"uv": [2.13333, 6.66667, 1.24444, 5.77778], "texture": "#0"},
				"south": {"uv": [2.13333, 6.66667, 1.24444, 5.77778], "texture": "#0"},
				"west": {"uv": [2.13333, 6.66667, 1.24444, 5.77778], "texture": "#0"},
				"up": {"uv": [2.13333, 6.66667, 1.24444, 5.77778], "texture": "#0"},
				"down": {"uv": [2.13333, 6.66667, 1.24444, 5.77778], "texture": "#0"}
			}
		},
		{
			"name": "staff main",
			"from": [13.7, -0.3, 1],
			"to": [13.85, 1.3, 2.3],
			"faces": {
				"north": {"uv": [2.13333, 6.66667, 1.24444, 5.77778], "texture": "#0"},
				"east": {"uv": [2.13333, 6.66667, 1.24444, 5.77778], "texture": "#0"},
				"south": {"uv": [2.13333, 6.66667, 1.24444, 5.77778], "texture": "#0"},
				"west": {"uv": [2.13333, 6.66667, 1.24444, 5.77778], "texture": "#0"},
				"up": {"uv": [2.13333, 6.66667, 1.24444, 5.77778], "texture": "#0"},
				"down": {"uv": [2.13333, 6.66667, 1.24444, 5.77778], "texture": "#0"}
			}
		},
		{
			"name": "staff main",
			"from": [13.7, -0.3, 2.15],
			"to": [15, 1.3, 2.3],
			"faces": {
				"north": {"uv": [2.13333, 6.66667, 1.24444, 5.77778], "texture": "#0"},
				"east": {"uv": [2.13333, 6.66667, 1.24444, 5.77778], "texture": "#0"},
				"south": {"uv": [2.13333, 6.66667, 1.24444, 5.77778], "texture": "#0"},
				"west": {"uv": [2.13333, 6.66667, 1.24444, 5.77778], "texture": "#0"},
				"up": {"uv": [2.13333, 6.66667, 1.24444, 5.77778], "texture": "#0"},
				"down": {"uv": [2.13333, 6.66667, 1.24444, 5.77778], "texture": "#0"}
			}
		},
		{
			"name": "staff main",
			"from": [13.95, -0.3, 2],
			"to": [15, 1.3, 2.05],
			"faces": {
				"north": {"uv": [2.13333, 6.66667, 1.24444, 5.77778], "texture": "#0"},
				"east": {"uv": [2.13333, 6.66667, 1.24444, 5.77778], "texture": "#0"},
				"south": {"uv": [2.13333, 6.66667, 1.24444, 5.77778], "texture": "#0"},
				"west": {"uv": [2.13333, 6.66667, 1.24444, 5.77778], "texture": "#0"},
				"up": {"uv": [2.13333, 6.66667, 1.24444, 5.77778], "texture": "#0"},
				"down": {"uv": [2.13333, 6.66667, 1.24444, 5.77778], "texture": "#0"}
			}
		},
		{
			"name": "staff main",
			"from": [13.95, -0.3, 1],
			"to": [14, 1.3, 2.05],
			"faces": {
				"north": {"uv": [2.13333, 6.66667, 1.24444, 5.77778], "texture": "#0"},
				"east": {"uv": [2.13333, 6.66667, 1.24444, 5.77778], "texture": "#0"},
				"south": {"uv": [2.13333, 6.66667, 1.24444, 5.77778], "texture": "#0"},
				"west": {"uv": [2.13333, 6.66667, 1.24444, 5.77778], "texture": "#0"},
				"up": {"uv": [2.13333, 6.66667, 1.24444, 5.77778], "texture": "#0"},
				"down": {"uv": [2.13333, 6.66667, 1.24444, 5.77778], "texture": "#0"}
			}
		},
		{
			"name": "staff main",
			"from": [14.7, -0.3, -0.1],
			"to": [16, 1.3, 0.05],
			"faces": {
				"north": {"uv": [2.13333, 6.66667, 1.24444, 5.77778], "texture": "#0"},
				"east": {"uv": [2.13333, 6.66667, 1.24444, 5.77778], "texture": "#0"},
				"south": {"uv": [2.13333, 6.66667, 1.24444, 5.77778], "texture": "#0"},
				"west": {"uv": [2.13333, 6.66667, 1.24444, 5.77778], "texture": "#0"},
				"up": {"uv": [2.13333, 6.66667, 1.24444, 5.77778], "texture": "#0"},
				"down": {"uv": [2.13333, 6.66667, 1.24444, 5.77778], "texture": "#0"}
			}
		},
		{
			"name": "staff main",
			"from": [15.95, -0.3, -0.1],
			"to": [16.1, 1.3, 1.2],
			"faces": {
				"north": {"uv": [2.13333, 6.66667, 1.24444, 5.77778], "texture": "#0"},
				"east": {"uv": [2.13333, 6.66667, 1.24444, 5.77778], "texture": "#0"},
				"south": {"uv": [2.13333, 6.66667, 1.24444, 5.77778], "texture": "#0"},
				"west": {"uv": [2.13333, 6.66667, 1.24444, 5.77778], "texture": "#0"},
				"up": {"uv": [2.13333, 6.66667, 1.24444, 5.77778], "texture": "#0"},
				"down": {"uv": [2.13333, 6.66667, 1.24444, 5.77778], "texture": "#0"}
			}
		},
		{
			"name": "staff main",
			"from": [14.7, -0.3, 0.15],
			"to": [15.85, 1.3, 0.2],
			"faces": {
				"north": {"uv": [2.13333, 6.66667, 1.24444, 5.77778], "texture": "#0"},
				"east": {"uv": [2.13333, 6.66667, 1.24444, 5.77778], "texture": "#0"},
				"south": {"uv": [2.13333, 6.66667, 1.24444, 5.77778], "texture": "#0"},
				"west": {"uv": [2.13333, 6.66667, 1.24444, 5.77778], "texture": "#0"},
				"up": {"uv": [2.13333, 6.66667, 1.24444, 5.77778], "texture": "#0"},
				"down": {"uv": [2.13333, 6.66667, 1.24444, 5.77778], "texture": "#0"}
			}
		},
		{
			"name": "staff main",
			"from": [15.8, -0.3, 0.15],
			"to": [15.85, 1.3, 1.2],
			"faces": {
				"north": {"uv": [2.13333, 6.66667, 1.24444, 5.77778], "texture": "#0"},
				"east": {"uv": [2.13333, 6.66667, 1.24444, 5.77778], "texture": "#0"},
				"south": {"uv": [2.13333, 6.66667, 1.24444, 5.77778], "texture": "#0"},
				"west": {"uv": [2.13333, 6.66667, 1.24444, 5.77778], "texture": "#0"},
				"up": {"uv": [2.13333, 6.66667, 1.24444, 5.77778], "texture": "#0"},
				"down": {"uv": [2.13333, 6.66667, 1.24444, 5.77778], "texture": "#0"}
			}
		},
		{
			"name": "staff main",
			"from": [11, 0, 2],
			"to": [12, 1, 3],
			"faces": {
				"north": {"uv": [6.57778, 4.71111, 5.68889, 3.82222], "texture": "#0"},
				"east": {"uv": [6.57778, 4.71111, 5.68889, 3.82222], "texture": "#0"},
				"south": {"uv": [6.57778, 4.71111, 5.68889, 3.82222], "texture": "#0"},
				"west": {"uv": [6.57778, 4.71111, 5.68889, 3.82222], "texture": "#0"},
				"up": {"uv": [6.57778, 4.71111, 5.68889, 3.82222], "texture": "#0"},
				"down": {"uv": [6.57778, 4.71111, 5.68889, 3.82222], "texture": "#0"}
			}
		},
		{
			"name": "staff main",
			"from": [11, 0, 1.5],
			"to": [12, 1, 2],
			"faces": {
				"north": {"uv": [6.57778, 4.71111, 5.68889, 3.82222], "texture": "#0"},
				"east": {"uv": [6.57778, 4.71111, 5.68889, 3.82222], "texture": "#0"},
				"south": {"uv": [6.57778, 4.71111, 5.68889, 3.82222], "texture": "#0"},
				"west": {"uv": [6.57778, 4.71111, 5.68889, 3.82222], "texture": "#0"},
				"up": {"uv": [6.57778, 4.71111, 5.68889, 3.82222], "texture": "#0"},
				"down": {"uv": [6.57778, 4.71111, 5.68889, 3.82222], "texture": "#0"}
			}
		},
		{
			"name": "staff main",
			"from": [14, 0, 4],
			"to": [14.5, 1, 5],
			"faces": {
				"north": {"uv": [6.57778, 4.71111, 5.68889, 3.82222], "texture": "#0"},
				"east": {"uv": [6.57778, 4.71111, 5.68889, 3.82222], "texture": "#0"},
				"south": {"uv": [6.57778, 4.71111, 5.68889, 3.82222], "texture": "#0"},
				"west": {"uv": [6.57778, 4.71111, 5.68889, 3.82222], "texture": "#0"},
				"up": {"uv": [6.57778, 4.71111, 5.68889, 3.82222], "texture": "#0"},
				"down": {"uv": [6.57778, 4.71111, 5.68889, 3.82222], "texture": "#0"}
			}
		},
		{
			"name": "staff main",
			"from": [12, 0, 3],
			"to": [13, 1, 4],
			"faces": {
				"north": {"uv": [6.57778, 4.71111, 5.68889, 3.82222], "texture": "#0"},
				"east": {"uv": [6.57778, 4.71111, 5.68889, 3.82222], "texture": "#0"},
				"south": {"uv": [6.57778, 4.71111, 5.68889, 3.82222], "texture": "#0"},
				"west": {"uv": [6.57778, 4.71111, 5.68889, 3.82222], "texture": "#0"},
				"up": {"uv": [6.57778, 4.71111, 5.68889, 3.82222], "texture": "#0"},
				"down": {"uv": [6.57778, 4.71111, 5.68889, 3.82222], "texture": "#0"}
			}
		},
		{
			"name": "staff main",
			"from": [12, 0, 4],
			"to": [13, 1, 5],
			"faces": {
				"north": {"uv": [6.57778, 2.04445, 5.68889, 1.15556], "texture": "#0"},
				"east": {"uv": [6.57778, 2.04445, 5.68889, 1.15556], "texture": "#0"},
				"south": {"uv": [6.57778, 2.04445, 5.68889, 1.15556], "texture": "#0"},
				"west": {"uv": [6.57778, 2.04445, 5.68889, 1.15556], "texture": "#0"},
				"up": {"uv": [6.57778, 2.04445, 5.68889, 1.15556], "texture": "#0"},
				"down": {"uv": [6.57778, 2.04445, 5.68889, 1.15556], "texture": "#0"}
			}
		},
		{
			"name": "staff main",
			"from": [11, 0, 3],
			"to": [12, 1, 4],
			"faces": {
				"north": {"uv": [6.57778, 2.04445, 5.68889, 1.15556], "texture": "#0"},
				"east": {"uv": [6.57778, 2.04445, 5.68889, 1.15556], "texture": "#0"},
				"south": {"uv": [6.57778, 2.04445, 5.68889, 1.15556], "texture": "#0"},
				"west": {"uv": [6.57778, 2.04445, 5.68889, 1.15556], "texture": "#0"},
				"up": {"uv": [6.57778, 2.04445, 5.68889, 1.15556], "texture": "#0"},
				"down": {"uv": [6.57778, 2.04445, 5.68889, 1.15556], "texture": "#0"}
			}
		},
		{
			"name": "staff main",
			"from": [13, 0, 4],
			"to": [14, 1, 5],
			"faces": {
				"north": {"uv": [6.57778, 4.71111, 5.68889, 3.82222], "texture": "#0"},
				"east": {"uv": [6.57778, 4.71111, 5.68889, 3.82222], "texture": "#0"},
				"south": {"uv": [6.57778, 4.71111, 5.68889, 3.82222], "texture": "#0"},
				"west": {"uv": [6.57778, 4.71111, 5.68889, 3.82222], "texture": "#0"},
				"up": {"uv": [6.57778, 4.71111, 5.68889, 3.82222], "texture": "#0"},
				"down": {"uv": [6.57778, 4.71111, 5.68889, 3.82222], "texture": "#0"}
			}
		},
		{
			"name": "handle outline",
			"from": [-1, 0, 15],
			"to": [0, 1, 16],
			"faces": {
				"north": {"uv": [2.13334, 2.93334, 1.24445, 2.04445], "texture": "#0"},
				"east": {"uv": [2.13334, 2.93334, 1.24445, 2.04445], "texture": "#0"},
				"south": {"uv": [2.13334, 2.93334, 1.24445, 2.04445], "texture": "#0"},
				"west": {"uv": [2.13334, 2.93334, 1.24445, 2.04445], "texture": "#0"},
				"up": {"uv": [2.13334, 2.93334, 1.24445, 2.04445], "texture": "#0"},
				"down": {"uv": [2.13334, 2.93334, 1.24445, 2.04445], "texture": "#0"}
			}
		},
		{
			"name": "handle outline",
			"from": [0, 0, 16],
			"to": [1, 1, 17],
			"faces": {
				"north": {"uv": [2.13334, 2.93334, 1.24445, 2.04445], "texture": "#0"},
				"east": {"uv": [2.13334, 2.93334, 1.24445, 2.04445], "texture": "#0"},
				"south": {"uv": [2.13334, 2.93334, 1.24445, 2.04445], "texture": "#0"},
				"west": {"uv": [2.13334, 2.93334, 1.24445, 2.04445], "texture": "#0"},
				"up": {"uv": [2.13334, 2.93334, 1.24445, 2.04445], "texture": "#0"},
				"down": {"uv": [2.13334, 2.93334, 1.24445, 2.04445], "texture": "#0"}
			}
		},
		{
			"name": "handle outline",
			"from": [0, 0, 14],
			"to": [1, 1, 15],
			"faces": {
				"north": {"uv": [2.13334, 2.93334, 1.24445, 2.04445], "texture": "#0"},
				"east": {"uv": [2.13334, 2.93334, 1.24445, 2.04445], "texture": "#0"},
				"south": {"uv": [2.13334, 2.93334, 1.24445, 2.04445], "texture": "#0"},
				"west": {"uv": [2.13334, 2.93334, 1.24445, 2.04445], "texture": "#0"},
				"up": {"uv": [2.13334, 2.93334, 1.24445, 2.04445], "texture": "#0"},
				"down": {"uv": [2.13334, 2.93334, 1.24445, 2.04445], "texture": "#0"}
			}
		},
		{
			"name": "handle outline",
			"from": [1, 0, 13],
			"to": [2, 1, 14],
			"faces": {
				"north": {"uv": [2.13334, 2.93334, 1.24445, 2.04445], "texture": "#0"},
				"east": {"uv": [2.13334, 2.93334, 1.24445, 2.04445], "texture": "#0"},
				"south": {"uv": [2.13334, 2.93334, 1.24445, 2.04445], "texture": "#0"},
				"west": {"uv": [2.13334, 2.93334, 1.24445, 2.04445], "texture": "#0"},
				"up": {"uv": [2.13334, 2.93334, 1.24445, 2.04445], "texture": "#0"},
				"down": {"uv": [2.13334, 2.93334, 1.24445, 2.04445], "texture": "#0"}
			}
		},
		{
			"name": "handle outline",
			"from": [2, 0, 12],
			"to": [3, 1, 13],
			"faces": {
				"north": {"uv": [2.13334, 2.93334, 1.24445, 2.04445], "texture": "#0"},
				"east": {"uv": [2.13334, 2.93334, 1.24445, 2.04445], "texture": "#0"},
				"south": {"uv": [2.13334, 2.93334, 1.24445, 2.04445], "texture": "#0"},
				"west": {"uv": [2.13334, 2.93334, 1.24445, 2.04445], "texture": "#0"},
				"up": {"uv": [2.13334, 2.93334, 1.24445, 2.04445], "texture": "#0"},
				"down": {"uv": [2.13334, 2.93334, 1.24445, 2.04445], "texture": "#0"}
			}
		},
		{
			"name": "handle outline",
			"from": [3, 0, 13],
			"to": [4, 1, 14],
			"faces": {
				"north": {"uv": [2.13334, 2.93334, 1.24445, 2.04445], "texture": "#0"},
				"east": {"uv": [2.13334, 2.93334, 1.24445, 2.04445], "texture": "#0"},
				"south": {"uv": [2.13334, 2.93334, 1.24445, 2.04445], "texture": "#0"},
				"west": {"uv": [2.13334, 2.93334, 1.24445, 2.04445], "texture": "#0"},
				"up": {"uv": [2.13334, 2.93334, 1.24445, 2.04445], "texture": "#0"},
				"down": {"uv": [2.13334, 2.93334, 1.24445, 2.04445], "texture": "#0"}
			}
		},
		{
			"name": "handle outline",
			"from": [2, 0, 14],
			"to": [3, 1, 15],
			"faces": {
				"north": {"uv": [2.13334, 2.93334, 1.24445, 2.04445], "texture": "#0"},
				"east": {"uv": [2.13334, 2.93334, 1.24445, 2.04445], "texture": "#0"},
				"south": {"uv": [2.13334, 2.93334, 1.24445, 2.04445], "texture": "#0"},
				"west": {"uv": [2.13334, 2.93334, 1.24445, 2.04445], "texture": "#0"},
				"up": {"uv": [2.13334, 2.93334, 1.24445, 2.04445], "texture": "#0"},
				"down": {"uv": [2.13334, 2.93334, 1.24445, 2.04445], "texture": "#0"}
			}
		},
		{
			"name": "handle outline",
			"from": [1, 0, 15],
			"to": [2, 1, 16],
			"faces": {
				"north": {"uv": [2.13334, 2.93334, 1.24445, 2.04445], "texture": "#0"},
				"east": {"uv": [2.13334, 2.93334, 1.24445, 2.04445], "texture": "#0"},
				"south": {"uv": [2.13334, 2.93334, 1.24445, 2.04445], "texture": "#0"},
				"west": {"uv": [2.13334, 2.93334, 1.24445, 2.04445], "texture": "#0"},
				"up": {"uv": [2.13334, 2.93334, 1.24445, 2.04445], "texture": "#0"},
				"down": {"uv": [2.13334, 2.93334, 1.24445, 2.04445], "texture": "#0"}
			}
		},
		{
			"name": "handle proper outline",
			"from": [3, 0, 11],
			"to": [4, 1, 12],
			"faces": {
				"north": {"uv": [2.13334, 10.04445, 1.24445, 9.15556], "texture": "#0"},
				"east": {"uv": [2.13334, 10.04445, 1.24445, 9.15556], "texture": "#0"},
				"south": {"uv": [2.13334, 10.04445, 1.24445, 9.15556], "texture": "#0"},
				"west": {"uv": [2.13334, 10.04445, 1.24445, 9.15556], "texture": "#0"},
				"up": {"uv": [2.13334, 10.04445, 1.24445, 9.15556], "texture": "#0"},
				"down": {"uv": [2.13334, 10.04445, 1.24445, 9.15556], "texture": "#0"}
			}
		},
		{
			"name": "handle proper outline",
			"from": [4, 0, 10],
			"to": [5, 1, 11],
			"faces": {
				"north": {"uv": [2.13334, 10.04445, 1.24445, 9.15556], "texture": "#0"},
				"east": {"uv": [2.13334, 10.04445, 1.24445, 9.15556], "texture": "#0"},
				"south": {"uv": [2.13334, 10.04445, 1.24445, 9.15556], "texture": "#0"},
				"west": {"uv": [2.13334, 10.04445, 1.24445, 9.15556], "texture": "#0"},
				"up": {"uv": [2.13334, 10.04445, 1.24445, 9.15556], "texture": "#0"},
				"down": {"uv": [2.13334, 10.04445, 1.24445, 9.15556], "texture": "#0"}
			}
		},
		{
			"name": "handle proper outline",
			"from": [5, 0, 9],
			"to": [6, 1, 10],
			"faces": {
				"north": {"uv": [2.13334, 10.04445, 1.24445, 9.15556], "texture": "#0"},
				"east": {"uv": [2.13334, 10.04445, 1.24445, 9.15556], "texture": "#0"},
				"south": {"uv": [2.13334, 10.04445, 1.24445, 9.15556], "texture": "#0"},
				"west": {"uv": [2.13334, 10.04445, 1.24445, 9.15556], "texture": "#0"},
				"up": {"uv": [2.13334, 10.04445, 1.24445, 9.15556], "texture": "#0"},
				"down": {"uv": [2.13334, 10.04445, 1.24445, 9.15556], "texture": "#0"}
			}
		},
		{
			"name": "handle proper outline",
			"from": [6, 0, 8],
			"to": [7, 1, 9],
			"faces": {
				"north": {"uv": [2.13334, 10.04445, 1.24445, 9.15556], "texture": "#0"},
				"east": {"uv": [2.13334, 10.04445, 1.24445, 9.15556], "texture": "#0"},
				"south": {"uv": [2.13334, 10.04445, 1.24445, 9.15556], "texture": "#0"},
				"west": {"uv": [2.13334, 10.04445, 1.24445, 9.15556], "texture": "#0"},
				"up": {"uv": [2.13334, 10.04445, 1.24445, 9.15556], "texture": "#0"},
				"down": {"uv": [2.13334, 10.04445, 1.24445, 9.15556], "texture": "#0"}
			}
		},
		{
			"name": "handle proper outline",
			"from": [4, 0, 12],
			"to": [5, 1, 13],
			"faces": {
				"north": {"uv": [2.13334, 10.04445, 1.24445, 9.15556], "texture": "#0"},
				"east": {"uv": [2.13334, 10.04445, 1.24445, 9.15556], "texture": "#0"},
				"south": {"uv": [2.13334, 10.04445, 1.24445, 9.15556], "texture": "#0"},
				"west": {"uv": [2.13334, 10.04445, 1.24445, 9.15556], "texture": "#0"},
				"up": {"uv": [2.13334, 10.04445, 1.24445, 9.15556], "texture": "#0"},
				"down": {"uv": [2.13334, 10.04445, 1.24445, 9.15556], "texture": "#0"}
			}
		},
		{
			"name": "handle proper outline",
			"from": [5, 0, 11],
			"to": [6, 1, 12],
			"faces": {
				"north": {"uv": [2.13334, 10.04445, 1.24445, 9.15556], "texture": "#0"},
				"east": {"uv": [2.13334, 10.04445, 1.24445, 9.15556], "texture": "#0"},
				"south": {"uv": [2.13334, 10.04445, 1.24445, 9.15556], "texture": "#0"},
				"west": {"uv": [2.13334, 10.04445, 1.24445, 9.15556], "texture": "#0"},
				"up": {"uv": [2.13334, 10.04445, 1.24445, 9.15556], "texture": "#0"},
				"down": {"uv": [2.13334, 10.04445, 1.24445, 9.15556], "texture": "#0"}
			}
		},
		{
			"name": "handle proper outline",
			"from": [6, 0, 10],
			"to": [7, 1, 11],
			"faces": {
				"north": {"uv": [2.13334, 10.04445, 1.24445, 9.15556], "texture": "#0"},
				"east": {"uv": [2.13334, 10.04445, 1.24445, 9.15556], "texture": "#0"},
				"south": {"uv": [2.13334, 10.04445, 1.24445, 9.15556], "texture": "#0"},
				"west": {"uv": [2.13334, 10.04445, 1.24445, 9.15556], "texture": "#0"},
				"up": {"uv": [2.13334, 10.04445, 1.24445, 9.15556], "texture": "#0"},
				"down": {"uv": [2.13334, 10.04445, 1.24445, 9.15556], "texture": "#0"}
			}
		},
		{
			"name": "handle proper outline",
			"from": [7, 0, 9],
			"to": [8, 1, 10],
			"faces": {
				"north": {"uv": [2.13334, 10.04445, 1.24445, 9.15556], "texture": "#0"},
				"east": {"uv": [2.13334, 10.04445, 1.24445, 9.15556], "texture": "#0"},
				"south": {"uv": [2.13334, 10.04445, 1.24445, 9.15556], "texture": "#0"},
				"west": {"uv": [2.13334, 10.04445, 1.24445, 9.15556], "texture": "#0"},
				"up": {"uv": [2.13334, 10.04445, 1.24445, 9.15556], "texture": "#0"},
				"down": {"uv": [2.13334, 10.04445, 1.24445, 9.15556], "texture": "#0"}
			}
		},
		{
			"name": "feather fill",
			"from": [9, 0.25, 4],
			"to": [10, 0.75, 5],
			"faces": {
				"north": {"uv": [2.13334, 12.04445, 1.24445, 11.15556], "texture": "#0"},
				"east": {"uv": [2.13334, 12.04445, 1.24445, 11.15556], "texture": "#0"},
				"south": {"uv": [2.13334, 12.04445, 1.24445, 11.15556], "texture": "#0"},
				"west": {"uv": [2.13334, 12.04445, 1.24445, 11.15556], "texture": "#0"},
				"up": {"uv": [2.13334, 12.04445, 1.24445, 11.15556], "texture": "#0"},
				"down": {"uv": [2.13334, 12.04445, 1.24445, 11.15556], "texture": "#0"}
			}
		},
		{
			"name": "feather fill",
			"from": [8, 0.25, 3],
			"to": [9, 0.75, 4],
			"faces": {
				"north": {"uv": [2.13334, 10.26667, 1.24445, 9.37778], "texture": "#0"},
				"east": {"uv": [2.13334, 10.26667, 1.24445, 9.37778], "texture": "#0"},
				"south": {"uv": [2.13334, 10.26667, 1.24445, 9.37778], "texture": "#0"},
				"west": {"uv": [2.13334, 10.26667, 1.24445, 9.37778], "texture": "#0"},
				"up": {"uv": [2.13334, 10.26667, 1.24445, 9.37778], "texture": "#0"},
				"down": {"uv": [2.13334, 10.26667, 1.24445, 9.37778], "texture": "#0"}
			}
		},
		{
			"name": "feather fill",
			"from": [9, 0.25, 3],
			"to": [10, 0.75, 4],
			"faces": {
				"north": {"uv": [2.13334, 12.04445, 1.24445, 11.15556], "texture": "#0"},
				"east": {"uv": [2.13334, 12.04445, 1.24445, 11.15556], "texture": "#0"},
				"south": {"uv": [2.13334, 12.04445, 1.24445, 11.15556], "texture": "#0"},
				"west": {"uv": [2.13334, 12.04445, 1.24445, 11.15556], "texture": "#0"},
				"up": {"uv": [2.13334, 12.04445, 1.24445, 11.15556], "texture": "#0"},
				"down": {"uv": [2.13334, 12.04445, 1.24445, 11.15556], "texture": "#0"}
			}
		},
		{
			"name": "feather fill",
			"from": [7, 0.25, 4],
			"to": [8, 0.75, 5],
			"faces": {
				"north": {"uv": [2.13334, 10.26667, 1.24445, 9.37778], "texture": "#0"},
				"east": {"uv": [2.13334, 10.26667, 1.24445, 9.37778], "texture": "#0"},
				"south": {"uv": [2.13334, 10.26667, 1.24445, 9.37778], "texture": "#0"},
				"west": {"uv": [2.13334, 10.26667, 1.24445, 9.37778], "texture": "#0"},
				"up": {"uv": [2.13334, 10.26667, 1.24445, 9.37778], "texture": "#0"},
				"down": {"uv": [2.13334, 10.26667, 1.24445, 9.37778], "texture": "#0"}
			}
		},
		{
			"name": "feather fill",
			"from": [6, 0.25, 3],
			"to": [7, 0.75, 4],
			"faces": {
				"north": {"uv": [2.13334, 10.26667, 1.24445, 9.37778], "texture": "#0"},
				"east": {"uv": [2.13334, 10.26667, 1.24445, 9.37778], "texture": "#0"},
				"south": {"uv": [2.13334, 10.26667, 1.24445, 9.37778], "texture": "#0"},
				"west": {"uv": [2.13334, 10.26667, 1.24445, 9.37778], "texture": "#0"},
				"up": {"uv": [2.13334, 10.26667, 1.24445, 9.37778], "texture": "#0"},
				"down": {"uv": [2.13334, 10.26667, 1.24445, 9.37778], "texture": "#0"}
			}
		},
		{
			"name": "feather fill",
			"from": [11, 0.25, 6],
			"to": [12, 0.75, 7],
			"faces": {
				"north": {"uv": [2.13334, 12.04445, 1.24445, 11.15556], "texture": "#0"},
				"east": {"uv": [2.13334, 12.04445, 1.24445, 11.15556], "texture": "#0"},
				"south": {"uv": [2.13334, 12.04445, 1.24445, 11.15556], "texture": "#0"},
				"west": {"uv": [2.13334, 12.04445, 1.24445, 11.15556], "texture": "#0"},
				"up": {"uv": [2.13334, 12.04445, 1.24445, 11.15556], "texture": "#0"},
				"down": {"uv": [2.13334, 12.04445, 1.24445, 11.15556], "texture": "#0"}
			}
		},
		{
			"name": "feather fill",
			"from": [12, 0.25, 7],
			"to": [13, 0.75, 8],
			"faces": {
				"north": {"uv": [2.13334, 10.26667, 1.24445, 9.37778], "texture": "#0"},
				"east": {"uv": [2.13334, 10.26667, 1.24445, 9.37778], "texture": "#0"},
				"south": {"uv": [2.13334, 10.26667, 1.24445, 9.37778], "texture": "#0"},
				"west": {"uv": [2.13334, 10.26667, 1.24445, 9.37778], "texture": "#0"},
				"up": {"uv": [2.13334, 10.26667, 1.24445, 9.37778], "texture": "#0"},
				"down": {"uv": [2.13334, 10.26667, 1.24445, 9.37778], "texture": "#0"}
			}
		},
		{
			"name": "feather fill",
			"from": [12, 0.25, 6],
			"to": [13, 0.75, 7],
			"faces": {
				"north": {"uv": [2.13334, 12.04445, 1.24445, 11.15556], "texture": "#0"},
				"east": {"uv": [2.13334, 12.04445, 1.24445, 11.15556], "texture": "#0"},
				"south": {"uv": [2.13334, 12.04445, 1.24445, 11.15556], "texture": "#0"},
				"west": {"uv": [2.13334, 12.04445, 1.24445, 11.15556], "texture": "#0"},
				"up": {"uv": [2.13334, 12.04445, 1.24445, 11.15556], "texture": "#0"},
				"down": {"uv": [2.13334, 12.04445, 1.24445, 11.15556], "texture": "#0"}
			}
		},
		{
			"name": "feather fill",
			"from": [11, 0.25, 8],
			"to": [12, 0.75, 9],
			"faces": {
				"north": {"uv": [2.13334, 10.26667, 1.24445, 9.37778], "texture": "#0"},
				"east": {"uv": [2.13334, 10.26667, 1.24445, 9.37778], "texture": "#0"},
				"south": {"uv": [2.13334, 10.26667, 1.24445, 9.37778], "texture": "#0"},
				"west": {"uv": [2.13334, 10.26667, 1.24445, 9.37778], "texture": "#0"},
				"up": {"uv": [2.13334, 10.26667, 1.24445, 9.37778], "texture": "#0"},
				"down": {"uv": [2.13334, 10.26667, 1.24445, 9.37778], "texture": "#0"}
			}
		},
		{
			"name": "feather fill",
			"from": [12, 0.25, 9],
			"to": [13, 0.75, 10],
			"faces": {
				"north": {"uv": [2.13334, 10.26667, 1.24445, 9.37778], "texture": "#0"},
				"east": {"uv": [2.13334, 10.26667, 1.24445, 9.37778], "texture": "#0"},
				"south": {"uv": [2.13334, 10.26667, 1.24445, 9.37778], "texture": "#0"},
				"west": {"uv": [2.13334, 10.26667, 1.24445, 9.37778], "texture": "#0"},
				"up": {"uv": [2.13334, 10.26667, 1.24445, 9.37778], "texture": "#0"},
				"down": {"uv": [2.13334, 10.26667, 1.24445, 9.37778], "texture": "#0"}
			}
		},
		{
			"name": "staff outline",
			"from": [8, 0, 8],
			"to": [9, 1, 9],
			"faces": {
				"north": {"uv": [2.13334, 2.93334, 1.24445, 2.04445], "texture": "#0"},
				"east": {"uv": [2.13334, 2.93334, 1.24445, 2.04445], "texture": "#0"},
				"south": {"uv": [2.13334, 2.93334, 1.24445, 2.04445], "texture": "#0"},
				"west": {"uv": [2.13334, 2.93334, 1.24445, 2.04445], "texture": "#0"},
				"up": {"uv": [2.13334, 2.93334, 1.24445, 2.04445], "texture": "#0"},
				"down": {"uv": [2.13334, 2.93334, 1.24445, 2.04445], "texture": "#0"}
			}
		},
		{
			"name": "staff outline",
			"from": [7, 0, 7],
			"to": [8, 1, 8],
			"faces": {
				"north": {"uv": [2.13334, 2.93334, 1.24445, 2.04445], "texture": "#0"},
				"east": {"uv": [2.13334, 2.93334, 1.24445, 2.04445], "texture": "#0"},
				"south": {"uv": [2.13334, 2.93334, 1.24445, 2.04445], "texture": "#0"},
				"west": {"uv": [2.13334, 2.93334, 1.24445, 2.04445], "texture": "#0"},
				"up": {"uv": [2.13334, 2.93334, 1.24445, 2.04445], "texture": "#0"},
				"down": {"uv": [2.13334, 2.93334, 1.24445, 2.04445], "texture": "#0"}
			}
		},
		{
			"name": "staff outline",
			"from": [9, 0, 7],
			"to": [10, 1, 8],
			"faces": {
				"north": {"uv": [2.13334, 2.93334, 1.24445, 2.04445], "texture": "#0"},
				"east": {"uv": [2.13334, 2.93334, 1.24445, 2.04445], "texture": "#0"},
				"south": {"uv": [2.13334, 2.93334, 1.24445, 2.04445], "texture": "#0"},
				"west": {"uv": [2.13334, 2.93334, 1.24445, 2.04445], "texture": "#0"},
				"up": {"uv": [2.13334, 2.93334, 1.24445, 2.04445], "texture": "#0"},
				"down": {"uv": [2.13334, 2.93334, 1.24445, 2.04445], "texture": "#0"}
			}
		},
		{
			"name": "staff outline",
			"from": [8, 0, 6],
			"to": [9, 1, 7],
			"faces": {
				"north": {"uv": [2.13334, 2.93334, 1.24445, 2.04445], "texture": "#0"},
				"east": {"uv": [2.13334, 2.93334, 1.24445, 2.04445], "texture": "#0"},
				"south": {"uv": [2.13334, 2.93334, 1.24445, 2.04445], "texture": "#0"},
				"west": {"uv": [2.13334, 2.93334, 1.24445, 2.04445], "texture": "#0"},
				"up": {"uv": [2.13334, 2.93334, 1.24445, 2.04445], "texture": "#0"},
				"down": {"uv": [2.13334, 2.93334, 1.24445, 2.04445], "texture": "#0"}
			}
		},
		{
			"name": "staff outline",
			"from": [9, 0, 5],
			"to": [10, 1, 6],
			"faces": {
				"north": {"uv": [2.13334, 2.93334, 1.24445, 2.04445], "texture": "#0"},
				"east": {"uv": [2.13334, 2.93334, 1.24445, 2.04445], "texture": "#0"},
				"south": {"uv": [2.13334, 2.93334, 1.24445, 2.04445], "texture": "#0"},
				"west": {"uv": [2.13334, 2.93334, 1.24445, 2.04445], "texture": "#0"},
				"up": {"uv": [2.13334, 2.93334, 1.24445, 2.04445], "texture": "#0"},
				"down": {"uv": [2.13334, 2.93334, 1.24445, 2.04445], "texture": "#0"}
			}
		},
		{
			"name": "staff outline",
			"from": [10, 0, 4],
			"to": [11, 1, 5],
			"faces": {
				"north": {"uv": [2.13334, 2.93334, 1.24445, 2.04445], "texture": "#0"},
				"east": {"uv": [2.13334, 2.93334, 1.24445, 2.04445], "texture": "#0"},
				"south": {"uv": [2.13334, 2.93334, 1.24445, 2.04445], "texture": "#0"},
				"west": {"uv": [2.13334, 2.93334, 1.24445, 2.04445], "texture": "#0"},
				"up": {"uv": [2.13334, 2.93334, 1.24445, 2.04445], "texture": "#0"},
				"down": {"uv": [2.13334, 2.93334, 1.24445, 2.04445], "texture": "#0"}
			}
		},
		{
			"name": "staff outline",
			"from": [10, 0, 6],
			"to": [11, 1, 7],
			"faces": {
				"north": {"uv": [2.13334, 2.93334, 1.24445, 2.04445], "texture": "#0"},
				"east": {"uv": [2.13334, 2.93334, 1.24445, 2.04445], "texture": "#0"},
				"south": {"uv": [2.13334, 2.93334, 1.24445, 2.04445], "texture": "#0"},
				"west": {"uv": [2.13334, 2.93334, 1.24445, 2.04445], "texture": "#0"},
				"up": {"uv": [2.13334, 2.93334, 1.24445, 2.04445], "texture": "#0"},
				"down": {"uv": [2.13334, 2.93334, 1.24445, 2.04445], "texture": "#0"}
			}
		},
		{
			"name": "staff outline",
			"from": [11, 0, 5],
			"to": [12, 1, 6],
			"faces": {
				"north": {"uv": [2.13334, 2.93334, 1.24445, 2.04445], "texture": "#0"},
				"east": {"uv": [2.13334, 2.93334, 1.24445, 2.04445], "texture": "#0"},
				"south": {"uv": [2.13334, 2.93334, 1.24445, 2.04445], "texture": "#0"},
				"west": {"uv": [2.13334, 2.93334, 1.24445, 2.04445], "texture": "#0"},
				"up": {"uv": [2.13334, 2.93334, 1.24445, 2.04445], "texture": "#0"},
				"down": {"uv": [2.13334, 2.93334, 1.24445, 2.04445], "texture": "#0"}
			}
		},
		{
			"name": "staff detail",
			"from": [10.75, -0.25, 3.75],
			"to": [12.25, 1.25, 5.25],
			"faces": {
				"north": {"uv": [2.13333, 4.97778, 1.24444, 4.08889], "texture": "#0"},
				"east": {"uv": [2.13333, 4.97778, 1.24444, 4.08889], "texture": "#0"},
				"south": {"uv": [2.13333, 4.97778, 1.24444, 4.08889], "texture": "#0"},
				"west": {"uv": [2.13333, 4.97778, 1.24444, 4.08889], "texture": "#0"},
				"up": {"uv": [2.13333, 4.97778, 1.24444, 4.08889], "texture": "#0"},
				"down": {"uv": [2.13333, 4.97778, 1.24444, 4.08889], "texture": "#0"}
			}
		},
		{
			"name": "staff detail",
			"from": [13.5, -0.15, 0.75],
			"to": [15.25, 1.15, 2.5],
			"faces": {
				"north": {"uv": [6.57777, 4.08889, 5.68888, 3.2], "texture": "#0"},
				"east": {"uv": [6.57777, 4.08889, 5.68888, 3.2], "texture": "#0"},
				"south": {"uv": [6.57777, 4.08889, 5.68888, 3.2], "texture": "#0"},
				"west": {"uv": [6.57777, 4.08889, 5.68888, 3.2], "texture": "#0"},
				"up": {"uv": [6.57777, 4.08889, 5.68888, 3.2], "texture": "#0"},
				"down": {"uv": [6.57777, 4.08889, 5.68888, 3.2], "texture": "#0"}
			}
		},
		{
			"name": "staff detail",
			"from": [14.5, -0.15, -0.25],
			"to": [16.25, 1.15, 1.5],
			"faces": {
				"north": {"uv": [6.57777, 4.08889, 5.68888, 3.2], "texture": "#0"},
				"east": {"uv": [6.57777, 4.08889, 5.68888, 3.2], "texture": "#0"},
				"south": {"uv": [6.57777, 4.08889, 5.68888, 3.2], "texture": "#0"},
				"west": {"uv": [6.57777, 4.08889, 5.68888, 3.2], "texture": "#0"},
				"up": {"uv": [6.57777, 4.08889, 5.68888, 3.2], "texture": "#0"},
				"down": {"uv": [6.57777, 4.08889, 5.68888, 3.2], "texture": "#0"}
			}
		},
		{
			"name": "staff detail",
			"from": [14, -0.25, 0.25],
			"to": [15.75, 1.25, 2],
			"faces": {
				"north": {"uv": [6.57777, 1.42222, 5.68888, 0.53333], "texture": "#0"},
				"east": {"uv": [6.57777, 1.42222, 5.68888, 0.53333], "texture": "#0"},
				"south": {"uv": [6.57777, 1.42222, 5.68888, 0.53333], "texture": "#0"},
				"west": {"uv": [6.57777, 1.42222, 5.68888, 0.53333], "texture": "#0"},
				"up": {"uv": [6.57777, 1.42222, 5.68888, 0.53333], "texture": "#0"},
				"down": {"uv": [6.57777, 1.42222, 5.68888, 0.53333], "texture": "#0"}
			}
		},
		{
			"name": "staff detail",
			"from": [10.95, 0.25, 2.95],
			"to": [12.05, 0.75, 4.05],
			"faces": {
				"north": {"uv": [6.57778, 6.75556, 5.68889, 5.86667], "texture": "#0"},
				"east": {"uv": [6.57778, 6.75556, 5.68889, 5.86667], "texture": "#0"},
				"south": {"uv": [6.57778, 6.75556, 5.68889, 5.86667], "texture": "#0"},
				"west": {"uv": [6.57778, 6.75556, 5.68889, 5.86667], "texture": "#0"},
				"up": {"uv": [6.57778, 6.75556, 5.68889, 5.86667], "texture": "#0"},
				"down": {"uv": [6.57778, 6.75556, 5.68889, 5.86667], "texture": "#0"}
			}
		},
		{
			"name": "staff detail",
			"from": [10.95, 0.25, 1.95],
			"to": [12.05, 0.75, 3.05],
			"faces": {
				"north": {"uv": [7.46666, 6.75556, 6.57777, 5.86667], "texture": "#0"},
				"east": {"uv": [7.46666, 6.75556, 6.57777, 5.86667], "texture": "#0"},
				"south": {"uv": [7.46666, 6.75556, 6.57777, 5.86667], "texture": "#0"},
				"west": {"uv": [7.46666, 6.75556, 6.57777, 5.86667], "texture": "#0"},
				"up": {"uv": [7.46666, 6.75556, 6.57777, 5.86667], "texture": "#0"},
				"down": {"uv": [7.46666, 6.75556, 6.57777, 5.86667], "texture": "#0"}
			}
		},
		{
			"name": "staff detail",
			"from": [10.95, 0.25, 1.45],
			"to": [12.05, 0.75, 2.05],
			"faces": {
				"north": {"uv": [7.46666, 6.75556, 6.57777, 5.86667], "texture": "#0"},
				"east": {"uv": [7.46666, 6.75556, 6.57777, 5.86667], "texture": "#0"},
				"south": {"uv": [7.46666, 6.75556, 6.57777, 5.86667], "texture": "#0"},
				"west": {"uv": [7.46666, 6.75556, 6.57777, 5.86667], "texture": "#0"},
				"up": {"uv": [7.46666, 6.75556, 6.57777, 5.86667], "texture": "#0"},
				"down": {"uv": [7.46666, 6.75556, 6.57777, 5.86667], "texture": "#0"}
			}
		},
		{
			"name": "staff detail",
			"from": [11.95, 0.25, 2.95],
			"to": [13.05, 0.75, 4.05],
			"faces": {
				"north": {"uv": [7.46666, 6.75556, 6.57777, 5.86667], "texture": "#0"},
				"east": {"uv": [7.46666, 6.75556, 6.57777, 5.86667], "texture": "#0"},
				"south": {"uv": [7.46666, 6.75556, 6.57777, 5.86667], "texture": "#0"},
				"west": {"uv": [7.46666, 6.75556, 6.57777, 5.86667], "texture": "#0"},
				"up": {"uv": [7.46666, 6.75556, 6.57777, 5.86667], "texture": "#0"},
				"down": {"uv": [7.46666, 6.75556, 6.57777, 5.86667], "texture": "#0"}
			}
		},
		{
			"name": "staff detail",
			"from": [13.45, 0.25, 0.7],
			"to": [15.3, 0.75, 2.55],
			"faces": {
				"north": {"uv": [7.46666, 6.75556, 6.57777, 5.86667], "texture": "#0"},
				"east": {"uv": [7.46666, 6.75556, 6.57777, 5.86667], "texture": "#0"},
				"south": {"uv": [7.46666, 6.75556, 6.57777, 5.86667], "texture": "#0"},
				"west": {"uv": [7.46666, 6.75556, 6.57777, 5.86667], "texture": "#0"},
				"up": {"uv": [7.46666, 6.75556, 6.57777, 5.86667], "texture": "#0"},
				"down": {"uv": [7.46666, 6.75556, 6.57777, 5.86667], "texture": "#0"}
			}
		},
		{
			"name": "staff detail",
			"from": [13.95, 0.25, 0.2],
			"to": [15.8, 0.75, 2.05],
			"faces": {
				"north": {"uv": [7.46666, 6.75556, 6.57777, 5.86667], "texture": "#0"},
				"east": {"uv": [7.46666, 6.75556, 6.57777, 5.86667], "texture": "#0"},
				"south": {"uv": [7.46666, 6.75556, 6.57777, 5.86667], "texture": "#0"},
				"west": {"uv": [7.46666, 6.75556, 6.57777, 5.86667], "texture": "#0"},
				"up": {"uv": [7.46666, 6.75556, 6.57777, 5.86667], "texture": "#0"},
				"down": {"uv": [7.46666, 6.75556, 6.57777, 5.86667], "texture": "#0"}
			}
		},
		{
			"name": "staff detail",
			"from": [14.45, 0.25, -0.3],
			"to": [16.3, 0.75, 1.55],
			"faces": {
				"north": {"uv": [7.46666, 6.75556, 6.57777, 5.86667], "texture": "#0"},
				"east": {"uv": [7.46666, 6.75556, 6.57777, 5.86667], "texture": "#0"},
				"south": {"uv": [7.46666, 6.75556, 6.57777, 5.86667], "texture": "#0"},
				"west": {"uv": [7.46666, 6.75556, 6.57777, 5.86667], "texture": "#0"},
				"up": {"uv": [7.46666, 6.75556, 6.57777, 5.86667], "texture": "#0"},
				"down": {"uv": [7.46666, 6.75556, 6.57777, 5.86667], "texture": "#0"}
			}
		},
		{
			"name": "staff detail",
			"from": [11.95, 0.25, 3.95],
			"to": [13.05, 0.75, 5.05],
			"faces": {
				"north": {"uv": [7.46666, 6.75556, 6.57777, 5.86667], "texture": "#0"},
				"east": {"uv": [7.46666, 6.75556, 6.57777, 5.86667], "texture": "#0"},
				"south": {"uv": [7.46666, 6.75556, 6.57777, 5.86667], "texture": "#0"},
				"west": {"uv": [7.46666, 6.75556, 6.57777, 5.86667], "texture": "#0"},
				"up": {"uv": [7.46666, 6.75556, 6.57777, 5.86667], "texture": "#0"},
				"down": {"uv": [7.46666, 6.75556, 6.57777, 5.86667], "texture": "#0"}
			}
		},
		{
			"name": "staff detail",
			"from": [12.95, 0.25, 3.95],
			"to": [14.05, 0.75, 5.05],
			"faces": {
				"north": {"uv": [7.46666, 6.75556, 6.57777, 5.86667], "texture": "#0"},
				"east": {"uv": [7.46666, 6.75556, 6.57777, 5.86667], "texture": "#0"},
				"south": {"uv": [7.46666, 6.75556, 6.57777, 5.86667], "texture": "#0"},
				"west": {"uv": [7.46666, 6.75556, 6.57777, 5.86667], "texture": "#0"},
				"up": {"uv": [7.46666, 6.75556, 6.57777, 5.86667], "texture": "#0"},
				"down": {"uv": [7.46666, 6.75556, 6.57777, 5.86667], "texture": "#0"}
			}
		},
		{
			"name": "staff detail",
			"from": [13.95, 0.25, 3.95],
			"to": [14.55, 0.75, 5.05],
			"faces": {
				"north": {"uv": [7.46666, 6.75556, 6.57777, 5.86667], "texture": "#0"},
				"east": {"uv": [7.46666, 6.75556, 6.57777, 5.86667], "texture": "#0"},
				"south": {"uv": [7.46666, 6.75556, 6.57777, 5.86667], "texture": "#0"},
				"west": {"uv": [7.46666, 6.75556, 6.57777, 5.86667], "texture": "#0"},
				"up": {"uv": [7.46666, 6.75556, 6.57777, 5.86667], "texture": "#0"},
				"down": {"uv": [7.46666, 6.75556, 6.57777, 5.86667], "texture": "#0"}
			}
		},
		{
			"name": "staff detail",
			"from": [12.25, -0.25, 3.25],
			"to": [12.75, 1.25, 3.75],
			"faces": {
				"north": {"uv": [1.51111, 4.17778, 1.51111, 4.17778], "texture": "#0"},
				"east": {"uv": [1.51111, 4.17778, 1.51111, 4.17778], "texture": "#0"},
				"south": {"uv": [1.51111, 4.17778, 1.51111, 4.17778], "texture": "#0"},
				"west": {"uv": [1.51111, 4.17778, 1.51111, 4.17778], "texture": "#0"},
				"up": {"uv": [1.51111, 4.17778, 1.51111, 4.17778], "texture": "#0"},
				"down": {"uv": [1.51111, 4.17778, 1.51111, 4.17778], "texture": "#0"}
			}
		},
		{
			"name": "staff detail",
			"from": [12.25, 0.25, 0.25],
			"to": [12.75, 0.75, 0.75],
			"faces": {
				"north": {"uv": [5.95555, 1.51111, 5.95555, 1.51111], "texture": "#0"},
				"east": {"uv": [5.95555, 1.51111, 5.95555, 1.51111], "texture": "#0"},
				"south": {"uv": [5.95555, 1.51111, 5.95555, 1.51111], "texture": "#0"},
				"west": {"uv": [5.95555, 1.51111, 5.95555, 1.51111], "texture": "#0"},
				"up": {"uv": [5.95555, 1.51111, 5.95555, 1.51111], "texture": "#0"},
				"down": {"uv": [5.95555, 1.51111, 5.95555, 1.51111], "texture": "#0"}
			}
		},
		{
			"name": "staff detail",
			"from": [15.25, 0.25, 3.25],
			"to": [15.75, 0.75, 3.75],
			"faces": {
				"north": {"uv": [5.95555, 1.51111, 5.95555, 1.51111], "texture": "#0"},
				"east": {"uv": [5.95555, 1.51111, 5.95555, 1.51111], "texture": "#0"},
				"south": {"uv": [5.95555, 1.51111, 5.95555, 1.51111], "texture": "#0"},
				"west": {"uv": [5.95555, 1.51111, 5.95555, 1.51111], "texture": "#0"},
				"up": {"uv": [5.95555, 1.51111, 5.95555, 1.51111], "texture": "#0"},
				"down": {"uv": [5.95555, 1.51111, 5.95555, 1.51111], "texture": "#0"}
			}
		},
		{
			"name": "staff detail",
			"from": [12.75, -0.25, 4.25],
			"to": [14.75, 1.25, 4.75],
			"faces": {
				"north": {"uv": [11.55555, 6.22223, 9.77777, 6.22223], "texture": "#0"},
				"east": {"uv": [11.55555, 6.22223, 9.77777, 6.22223], "texture": "#0"},
				"south": {"uv": [11.55555, 6.22223, 9.77777, 6.22223], "texture": "#0"},
				"west": {"uv": [11.55555, 6.22223, 9.77777, 6.22223], "texture": "#0"},
				"up": {"uv": [11.55555, 6.22223, 9.77777, 6.22223], "texture": "#0"},
				"down": {"uv": [11.55555, 6.22223, 9.77777, 6.22223], "texture": "#0"}
			}
		},
		{
			"name": "staff detail",
			"from": [11.25, -0.25, 1.25],
			"to": [11.75, 1.25, 3.25],
			"faces": {
				"north": {"uv": [10.66666, 7.55555, 10.66666, 5.77778], "texture": "#0"},
				"east": {"uv": [10.66666, 7.55555, 10.66666, 5.77778], "texture": "#0"},
				"south": {"uv": [10.66666, 7.55555, 10.66666, 5.77778], "texture": "#0"},
				"west": {"uv": [10.66666, 7.55555, 10.66666, 5.77778], "texture": "#0"},
				"up": {"uv": [10.66666, 7.55555, 10.66666, 5.77778], "texture": "#0"},
				"down": {"uv": [10.66666, 7.55555, 10.66666, 5.77778], "texture": "#0"}
			}
		}
	],
	"display": {
		"thirdperson_righthand": {
			"rotation": [45, 0, 90],
			"translation": [-7.5, 1.5, 0]
		},
		"thirdperson_lefthand": {
			"rotation": [45, 0, -90],
			"translation": [7.5, 1.5, 0]
		},
		"firstperson_righthand": {
			"rotation": [24, 0, 90],
			"translation": [-4, -0.5, 0.5]
		},
		"firstperson_lefthand": {
			"rotation": [24, 0, -90],
			"translation": [11, -0.5, 0.5]
		},
		"ground": {
			"rotation": [0, 0, 90],
			"translation": [-3, 2.5, -0.25],
			"scale": [0.4, 0.4, 0.4]
		},
		"gui": {
			"rotation": [90, 0, 0],
			"scale": [0.75, 0.75, 0.75]
		},
		"fixed": {
			"rotation": [90, 0, -180],
			"translation": [0, 0, -7.5]
		}
	},
	"groups": [
		{
			"name": "staff proper",
			"origin": [0, 0, 0],
			"color": 0,
			"children": [0, 1, 2, 3, 4, 5, 6, 7, 8, 9, 10, 11, 12, 13, 14, 15, 16, 17, 18, 19, 20, 21, 22, 23, 24, 25, 26, 27, 28]
		},
		{
			"name": "staff details",
			"origin": [8, 8, 8],
			"color": 0,
			"children": [29, 30, 31, 32, 33, 34, 35, 36, 37, 38, 39, 40, 41, 42, 43, 44, 45, 46, 47, 48, 49, 50, 51, 52, 53, 54, 55, 56, 57, 58, 59, 60, 61, 62, 63, 64, 65, 66, 67, 68, 69, 70, 71, 72, 73, 74, 75, 76, 77, 78, 79, 80, 81]
		}
	]
}