{
	"credit": "Made with Blockbench",
	"texture_size": [18, 18],
	"textures": {
		"0": "extravanilla:item/conduit_buster",
		"particle": "extravanilla:item/conduit_buster"
	},
	"elements": [
		{
			"name": "pearl",
			"from": [5.75, 0.25, 7.25],
			"to": [8.75, 0.75, 10.25],
			"faces": {
				"north": {"uv": [6.22222, 4.44444, 7.11111, 5.33333], "texture": "#0"},
				"east": {"uv": [6.22222, 4.44444, 7.11111, 5.33333], "texture": "#0"},
				"south": {"uv": [6.22222, 4.44444, 7.11111, 5.33333], "texture": "#0"},
				"west": {"uv": [6.22222, 4.44444, 7.11111, 5.33333], "texture": "#0"},
				"up": {"uv": [6.22222, 4.44444, 7.11111, 5.33333], "texture": "#0"},
				"down": {"uv": [6.22222, 4.44444, 7.11111, 5.33333], "texture": "#0"}
			}
		},
		{
			"name": "pearl detail",
			"from": [6.15, 0.15, 7.65],
			"to": [6.85, 0.85, 8.35],
			"faces": {
				"north": {"uv": [6.22222, 1.77778, 7.11111, 2.66667], "texture": "#0"},
				"east": {"uv": [6.22222, 1.77778, 7.11111, 2.66667], "texture": "#0"},
				"south": {"uv": [6.22222, 1.77778, 7.11111, 2.66667], "texture": "#0"},
				"west": {"uv": [6.22222, 1.77778, 7.11111, 2.66667], "texture": "#0"},
				"up": {"uv": [6.22222, 1.77778, 7.11111, 2.66667], "texture": "#0"},
				"down": {"uv": [6.22222, 1.77778, 7.11111, 2.66667], "texture": "#0"}
			}
		},
		{
			"name": "pearl detail",
			"from": [6.65, 0.15, 9.4],
			"to": [7.35, 0.85, 10.1],
			"faces": {
				"north": {"uv": [6.22222, 8, 7.11111, 8.88889], "texture": "#0"},
				"east": {"uv": [6.22222, 8, 7.11111, 8.88889], "texture": "#0"},
				"south": {"uv": [6.22222, 8, 7.11111, 8.88889], "texture": "#0"},
				"west": {"uv": [6.22222, 8, 7.11111, 8.88889], "texture": "#0"},
				"up": {"uv": [6.22222, 8, 7.11111, 8.88889], "texture": "#0"},
				"down": {"uv": [6.22222, 8, 7.11111, 8.88889], "texture": "#0"}
			}
		},
		{
			"name": "pearl detail",
			"from": [7.65, 0.15, 8.65],
			"to": [8.35, 0.85, 9.35],
			"faces": {
				"north": {"uv": [6.22222, 8, 7.11111, 8.88889], "texture": "#0"},
				"east": {"uv": [6.22222, 8, 7.11111, 8.88889], "texture": "#0"},
				"south": {"uv": [6.22222, 8, 7.11111, 8.88889], "texture": "#0"},
				"west": {"uv": [6.22222, 8, 7.11111, 8.88889], "texture": "#0"},
				"up": {"uv": [6.22222, 8, 7.11111, 8.88889], "texture": "#0"},
				"down": {"uv": [6.22222, 8, 7.11111, 8.88889], "texture": "#0"}
			}
		},
		{
			"name": "pearl detail",
			"from": [8.15, 0.15, 9.65],
			"to": [8.85, 0.85, 10.35],
			"faces": {
				"north": {"uv": [6.22222, 1.77778, 7.11111, 2.66667], "texture": "#0"},
				"east": {"uv": [6.22222, 1.77778, 7.11111, 2.66667], "texture": "#0"},
				"south": {"uv": [6.22222, 1.77778, 7.11111, 2.66667], "texture": "#0"},
				"west": {"uv": [6.22222, 1.77778, 7.11111, 2.66667], "texture": "#0"},
				"up": {"uv": [6.22222, 1.77778, 7.11111, 2.66667], "texture": "#0"},
				"down": {"uv": [6.22222, 1.77778, 7.11111, 2.66667], "texture": "#0"}
			}
		},
		{
			"name": "pearl detail",
			"from": [8.15, 0.15, 7.65],
			"to": [8.85, 0.85, 8.35],
			"faces": {
				"north": {"uv": [6.22222, 1.77778, 7.11111, 2.66667], "texture": "#0"},
				"east": {"uv": [6.22222, 1.77778, 7.11111, 2.66667], "texture": "#0"},
				"south": {"uv": [6.22222, 1.77778, 7.11111, 2.66667], "texture": "#0"},
				"west": {"uv": [6.22222, 1.77778, 7.11111, 2.66667], "texture": "#0"},
				"up": {"uv": [6.22222, 1.77778, 7.11111, 2.66667], "texture": "#0"},
				"down": {"uv": [6.22222, 1.77778, 7.11111, 2.66667], "texture": "#0"}
			}
		},
		{
			"name": "pearl detail",
			"from": [7.15, 0.15, 7.15],
			"to": [7.85, 0.85, 7.85],
			"faces": {
				"north": {"uv": [6.22222, 8, 7.11111, 8.88889], "texture": "#0"},
				"east": {"uv": [6.22222, 8, 7.11111, 8.88889], "texture": "#0"},
				"south": {"uv": [6.22222, 8, 7.11111, 8.88889], "texture": "#0"},
				"west": {"uv": [6.22222, 8, 7.11111, 8.88889], "texture": "#0"},
				"up": {"uv": [6.22222, 8, 7.11111, 8.88889], "texture": "#0"},
				"down": {"uv": [6.22222, 8, 7.11111, 8.88889], "texture": "#0"}
			}
		},
		{
			"name": "pearl detail",
			"from": [5.65, 0.15, 9.65],
			"to": [6.35, 0.85, 10.35],
			"faces": {
				"north": {"uv": [6.22222, 1.77778, 7.11111, 2.66667], "texture": "#0"},
				"east": {"uv": [6.22222, 1.77778, 7.11111, 2.66667], "texture": "#0"},
				"south": {"uv": [6.22222, 1.77778, 7.11111, 2.66667], "texture": "#0"},
				"west": {"uv": [6.22222, 1.77778, 7.11111, 2.66667], "texture": "#0"},
				"up": {"uv": [6.22222, 1.77778, 7.11111, 2.66667], "texture": "#0"},
				"down": {"uv": [6.22222, 1.77778, 7.11111, 2.66667], "texture": "#0"}
			}
		},
		{
			"name": "pearl detail",
			"from": [5.9, 0.15, 8.9],
			"to": [6.1, 0.85, 9.1],
			"faces": {
				"north": {"uv": [6.22222, 1.77778, 7.11111, 2.66667], "texture": "#0"},
				"east": {"uv": [6.22222, 1.77778, 7.11111, 2.66667], "texture": "#0"},
				"south": {"uv": [6.22222, 1.77778, 7.11111, 2.66667], "texture": "#0"},
				"west": {"uv": [6.22222, 1.77778, 7.11111, 2.66667], "texture": "#0"},
				"up": {"uv": [6.22222, 1.77778, 7.11111, 2.66667], "texture": "#0"},
				"down": {"uv": [6.22222, 1.77778, 7.11111, 2.66667], "texture": "#0"}
			}
		},
		{
			"name": "pearl detail",
			"from": [6.9, 0.15, 8.65],
			"to": [7.1, 0.85, 8.85],
			"faces": {
				"north": {"uv": [6.22222, 1.77778, 7.11111, 2.66667], "texture": "#0"},
				"east": {"uv": [6.22222, 1.77778, 7.11111, 2.66667], "texture": "#0"},
				"south": {"uv": [6.22222, 1.77778, 7.11111, 2.66667], "texture": "#0"},
				"west": {"uv": [6.22222, 1.77778, 7.11111, 2.66667], "texture": "#0"},
				"up": {"uv": [6.22222, 1.77778, 7.11111, 2.66667], "texture": "#0"},
				"down": {"uv": [6.22222, 1.77778, 7.11111, 2.66667], "texture": "#0"}
			}
		},
		{
			"name": "pearl detail",
			"from": [7.9, 0.15, 7.4],
			"to": [8.1, 0.85, 7.6],
			"faces": {
				"north": {"uv": [6.22222, 1.77778, 7.11111, 2.66667], "texture": "#0"},
				"east": {"uv": [6.22222, 1.77778, 7.11111, 2.66667], "texture": "#0"},
				"south": {"uv": [6.22222, 1.77778, 7.11111, 2.66667], "texture": "#0"},
				"west": {"uv": [6.22222, 1.77778, 7.11111, 2.66667], "texture": "#0"},
				"up": {"uv": [6.22222, 1.77778, 7.11111, 2.66667], "texture": "#0"},
				"down": {"uv": [6.22222, 1.77778, 7.11111, 2.66667], "texture": "#0"}
			}
		},
		{
			"name": "pearl detail",
			"from": [8.15, 0.15, 9.4],
			"to": [8.35, 0.85, 9.6],
			"faces": {
				"north": {"uv": [6.22222, 1.77778, 7.11111, 2.66667], "texture": "#0"},
				"east": {"uv": [6.22222, 1.77778, 7.11111, 2.66667], "texture": "#0"},
				"south": {"uv": [6.22222, 1.77778, 7.11111, 2.66667], "texture": "#0"},
				"west": {"uv": [6.22222, 1.77778, 7.11111, 2.66667], "texture": "#0"},
				"up": {"uv": [6.22222, 1.77778, 7.11111, 2.66667], "texture": "#0"},
				"down": {"uv": [6.22222, 1.77778, 7.11111, 2.66667], "texture": "#0"}
			}
		},
		{
			"name": "pearl detail",
			"from": [7.65, 0.15, 9.65],
			"to": [7.85, 0.85, 9.85],
			"faces": {
				"north": {"uv": [6.22222, 1.77778, 7.11111, 2.66667], "texture": "#0"},
				"east": {"uv": [6.22222, 1.77778, 7.11111, 2.66667], "texture": "#0"},
				"south": {"uv": [6.22222, 1.77778, 7.11111, 2.66667], "texture": "#0"},
				"west": {"uv": [6.22222, 1.77778, 7.11111, 2.66667], "texture": "#0"},
				"up": {"uv": [6.22222, 1.77778, 7.11111, 2.66667], "texture": "#0"},
				"down": {"uv": [6.22222, 1.77778, 7.11111, 2.66667], "texture": "#0"}
			}
		},
		{
			"name": "pearl detail",
			"from": [6.65, 0.15, 7.4],
			"to": [6.85, 0.85, 7.6],
			"faces": {
				"north": {"uv": [6.22222, 1.77778, 7.11111, 2.66667], "texture": "#0"},
				"east": {"uv": [6.22222, 1.77778, 7.11111, 2.66667], "texture": "#0"},
				"south": {"uv": [6.22222, 1.77778, 7.11111, 2.66667], "texture": "#0"},
				"west": {"uv": [6.22222, 1.77778, 7.11111, 2.66667], "texture": "#0"},
				"up": {"uv": [6.22222, 1.77778, 7.11111, 2.66667], "texture": "#0"},
				"down": {"uv": [6.22222, 1.77778, 7.11111, 2.66667], "texture": "#0"}
			}
		},
		{
			"name": "pearl detail",
			"from": [6.65, 0.15, 8.9],
			"to": [6.85, 0.85, 9.1],
			"faces": {
				"north": {"uv": [6.22222, 8, 7.11111, 8.88889], "texture": "#0"},
				"east": {"uv": [6.22222, 8, 7.11111, 8.88889], "texture": "#0"},
				"south": {"uv": [6.22222, 8, 7.11111, 8.88889], "texture": "#0"},
				"west": {"uv": [6.22222, 8, 7.11111, 8.88889], "texture": "#0"},
				"up": {"uv": [6.22222, 8, 7.11111, 8.88889], "texture": "#0"},
				"down": {"uv": [6.22222, 8, 7.11111, 8.88889], "texture": "#0"}
			}
		},
		{
			"name": "pearl detail",
			"from": [7.4, 0.15, 9.9],
			"to": [7.6, 0.85, 10.1],
			"faces": {
				"north": {"uv": [6.22222, 8, 7.11111, 8.88889], "texture": "#0"},
				"east": {"uv": [6.22222, 8, 7.11111, 8.88889], "texture": "#0"},
				"south": {"uv": [6.22222, 8, 7.11111, 8.88889], "texture": "#0"},
				"west": {"uv": [6.22222, 8, 7.11111, 8.88889], "texture": "#0"},
				"up": {"uv": [6.22222, 8, 7.11111, 8.88889], "texture": "#0"},
				"down": {"uv": [6.22222, 8, 7.11111, 8.88889], "texture": "#0"}
			}
		},
		{
			"name": "pearl detail",
			"from": [5.9, 0.15, 7.9],
			"to": [6.1, 0.85, 8.1],
			"faces": {
				"north": {"uv": [6.22222, 8, 7.11111, 8.88889], "texture": "#0"},
				"east": {"uv": [6.22222, 8, 7.11111, 8.88889], "texture": "#0"},
				"south": {"uv": [6.22222, 8, 7.11111, 8.88889], "texture": "#0"},
				"west": {"uv": [6.22222, 8, 7.11111, 8.88889], "texture": "#0"},
				"up": {"uv": [6.22222, 8, 7.11111, 8.88889], "texture": "#0"},
				"down": {"uv": [6.22222, 8, 7.11111, 8.88889], "texture": "#0"}
			}
		},
		{
			"name": "pearl detail",
			"from": [8.4, 0.15, 7.4],
			"to": [8.6, 0.85, 7.6],
			"faces": {
				"north": {"uv": [6.22222, 8, 7.11111, 8.88889], "texture": "#0"},
				"east": {"uv": [6.22222, 8, 7.11111, 8.88889], "texture": "#0"},
				"south": {"uv": [6.22222, 8, 7.11111, 8.88889], "texture": "#0"},
				"west": {"uv": [6.22222, 8, 7.11111, 8.88889], "texture": "#0"},
				"up": {"uv": [6.22222, 8, 7.11111, 8.88889], "texture": "#0"},
				"down": {"uv": [6.22222, 8, 7.11111, 8.88889], "texture": "#0"}
			}
		},
		{
			"name": "pearl detail",
			"from": [7.4, 0.15, 8.15],
			"to": [7.6, 0.85, 8.35],
			"faces": {
				"north": {"uv": [6.22222, 8, 7.11111, 8.88889], "texture": "#0"},
				"east": {"uv": [6.22222, 8, 7.11111, 8.88889], "texture": "#0"},
				"south": {"uv": [6.22222, 8, 7.11111, 8.88889], "texture": "#0"},
				"west": {"uv": [6.22222, 8, 7.11111, 8.88889], "texture": "#0"},
				"up": {"uv": [6.22222, 8, 7.11111, 8.88889], "texture": "#0"},
				"down": {"uv": [6.22222, 8, 7.11111, 8.88889], "texture": "#0"}
			}
		},
		{
			"name": "conduit shell",
			"from": [5.25, 0, 5.75],
			"to": [6.25, 1, 6.75],
			"faces": {
				"north": {"uv": [0.35556, 13.77778, 2.13333, 14.66667], "texture": "#0"},
				"east": {"uv": [0.35556, 13.77778, 2.13333, 14.66667], "texture": "#0"},
				"south": {"uv": [0.35556, 13.77778, 2.13333, 14.66667], "texture": "#0"},
				"west": {"uv": [0.35556, 13.77778, 2.13333, 14.66667], "texture": "#0"},
				"up": {"uv": [0.35556, 13.77778, 2.13333, 14.66667], "texture": "#0"},
				"down": {"uv": [0.35556, 13.77778, 2.13333, 14.66667], "texture": "#0"}
			}
		},
		{
			"name": "conduit shell",
			"from": [4.25, 0, 6.75],
			"to": [5.25, 1, 7.75],
			"faces": {
				"north": {"uv": [3.02222, 11.11111, 3.91111, 12.88889], "texture": "#0"},
				"east": {"uv": [3.02222, 11.11111, 3.91111, 12.88889], "texture": "#0"},
				"south": {"uv": [3.02222, 11.11111, 3.91111, 12.88889], "texture": "#0"},
				"west": {"uv": [3.02222, 11.11111, 3.91111, 12.88889], "texture": "#0"},
				"up": {"uv": [3.02222, 11.11111, 3.91111, 12.88889], "texture": "#0"},
				"down": {"uv": [3.02222, 11.11111, 3.91111, 12.88889], "texture": "#0"}
			}
		},
		{
			"name": "conduit shell",
			"from": [4.25, 0, 5.75],
			"to": [5.25, 1, 6.75],
			"faces": {
				"north": {"uv": [0.35556, 13.77778, 1.24444, 15.55556], "texture": "#0"},
				"east": {"uv": [0.35556, 13.77778, 1.24444, 15.55556], "texture": "#0"},
				"south": {"uv": [0.35556, 13.77778, 1.24444, 15.55556], "texture": "#0"},
				"west": {"uv": [0.35556, 13.77778, 1.24444, 15.55556], "texture": "#0"},
				"up": {"uv": [0.35556, 13.77778, 1.24444, 15.55556], "texture": "#0"},
				"down": {"uv": [0.35556, 13.77778, 1.24444, 15.55556], "texture": "#0"}
			}
		},
		{
			"name": "conduit shell",
			"from": [5.25, 0, 10.75],
			"to": [6.25, 1, 11.75],
			"faces": {
				"north": {"uv": [0.35556, 11.11111, 2.13333, 12], "texture": "#0"},
				"east": {"uv": [0.35556, 11.11111, 2.13333, 12], "texture": "#0"},
				"south": {"uv": [0.35556, 11.11111, 2.13333, 12], "texture": "#0"},
				"west": {"uv": [0.35556, 11.11111, 2.13333, 12], "texture": "#0"},
				"up": {"uv": [0.35556, 11.11111, 2.13333, 12], "texture": "#0"},
				"down": {"uv": [0.35556, 11.11111, 2.13333, 12], "texture": "#0"}
			}
		},
		{
			"name": "conduit shell",
			"from": [4.25, 0, 10.75],
			"to": [5.25, 1, 11.75],
			"faces": {
				"north": {"uv": [0.35556, 13.77778, 2.13333, 14.66667], "texture": "#0"},
				"east": {"uv": [0.35556, 13.77778, 2.13333, 14.66667], "texture": "#0"},
				"south": {"uv": [0.35556, 13.77778, 2.13333, 14.66667], "texture": "#0"},
				"west": {"uv": [0.35556, 13.77778, 2.13333, 14.66667], "texture": "#0"},
				"up": {"uv": [0.35556, 13.77778, 2.13333, 14.66667], "texture": "#0"},
				"down": {"uv": [0.35556, 13.77778, 2.13333, 14.66667], "texture": "#0"}
			}
		},
		{
			"name": "conduit shell",
			"from": [4.25, 0, 9.75],
			"to": [5.25, 1, 10.75],
			"faces": {
				"north": {"uv": [0.35556, 11.11111, 1.24444, 12.88889], "texture": "#0"},
				"east": {"uv": [0.35556, 11.11111, 1.24444, 12.88889], "texture": "#0"},
				"south": {"uv": [0.35556, 11.11111, 1.24444, 12.88889], "texture": "#0"},
				"west": {"uv": [0.35556, 11.11111, 1.24444, 12.88889], "texture": "#0"},
				"up": {"uv": [0.35556, 11.11111, 1.24444, 12.88889], "texture": "#0"},
				"down": {"uv": [0.35556, 11.11111, 1.24444, 12.88889], "texture": "#0"}
			}
		},
		{
			"name": "conduit shell",
			"from": [8.25, 0, 10.75],
			"to": [9.25, 1, 11.75],
			"faces": {
				"north": {"uv": [0.35556, 13.77778, 2.13333, 14.66667], "texture": "#0"},
				"east": {"uv": [0.35556, 13.77778, 2.13333, 14.66667], "texture": "#0"},
				"south": {"uv": [0.35556, 13.77778, 2.13333, 14.66667], "texture": "#0"},
				"west": {"uv": [0.35556, 13.77778, 2.13333, 14.66667], "texture": "#0"},
				"up": {"uv": [0.35556, 13.77778, 2.13333, 14.66667], "texture": "#0"},
				"down": {"uv": [0.35556, 13.77778, 2.13333, 14.66667], "texture": "#0"}
			}
		},
		{
			"name": "conduit shell",
			"from": [9.25, 0, 10.75],
			"to": [10.25, 1, 11.75],
			"faces": {
				"north": {"uv": [0.35556, 11.11111, 2.13333, 12], "texture": "#0"},
				"east": {"uv": [0.35556, 11.11111, 2.13333, 12], "texture": "#0"},
				"south": {"uv": [0.35556, 11.11111, 2.13333, 12], "texture": "#0"},
				"west": {"uv": [0.35556, 11.11111, 2.13333, 12], "texture": "#0"},
				"up": {"uv": [0.35556, 11.11111, 2.13333, 12], "texture": "#0"},
				"down": {"uv": [0.35556, 11.11111, 2.13333, 12], "texture": "#0"}
			}
		},
		{
			"name": "conduit shell",
			"from": [9.25, 0, 9.75],
			"to": [10.25, 1, 10.75],
			"faces": {
				"north": {"uv": [0.35556, 13.77778, 1.24444, 15.55556], "texture": "#0"},
				"east": {"uv": [0.35556, 13.77778, 1.24444, 15.55556], "texture": "#0"},
				"south": {"uv": [0.35556, 13.77778, 1.24444, 15.55556], "texture": "#0"},
				"west": {"uv": [0.35556, 13.77778, 1.24444, 15.55556], "texture": "#0"},
				"up": {"uv": [0.35556, 13.77778, 1.24444, 15.55556], "texture": "#0"},
				"down": {"uv": [0.35556, 13.77778, 1.24444, 15.55556], "texture": "#0"}
			}
		},
		{
			"name": "conduit shell",
			"from": [9.25, 0, 6.75],
			"to": [10.25, 1, 7.75],
			"faces": {
				"north": {"uv": [3.91111, 11.11111, 4.8, 12.88889], "texture": "#0"},
				"east": {"uv": [3.91111, 11.11111, 4.8, 12.88889], "texture": "#0"},
				"south": {"uv": [3.91111, 11.11111, 4.8, 12.88889], "texture": "#0"},
				"west": {"uv": [3.91111, 11.11111, 4.8, 12.88889], "texture": "#0"},
				"up": {"uv": [3.91111, 11.11111, 4.8, 12.88889], "texture": "#0"},
				"down": {"uv": [3.91111, 11.11111, 4.8, 12.88889], "texture": "#0"}
			}
		},
		{
			"name": "conduit shell",
			"from": [8.25, 0, 5.75],
			"to": [9.25, 1, 6.75],
			"faces": {
				"north": {"uv": [0.35556, 11.11111, 2.13333, 12], "texture": "#0"},
				"east": {"uv": [0.35556, 11.11111, 2.13333, 12], "texture": "#0"},
				"south": {"uv": [0.35556, 11.11111, 2.13333, 12], "texture": "#0"},
				"west": {"uv": [0.35556, 11.11111, 2.13333, 12], "texture": "#0"},
				"up": {"uv": [0.35556, 11.11111, 2.13333, 12], "texture": "#0"},
				"down": {"uv": [0.35556, 11.11111, 2.13333, 12], "texture": "#0"}
			}
		},
		{
			"name": "conduit shell",
			"from": [9.25, 0, 5.75],
			"to": [10.25, 1, 6.75],
			"faces": {
				"north": {"uv": [0.35556, 13.77778, 2.13333, 14.66667], "texture": "#0"},
				"east": {"uv": [0.35556, 13.77778, 2.13333, 14.66667], "texture": "#0"},
				"south": {"uv": [0.35556, 13.77778, 2.13333, 14.66667], "texture": "#0"},
				"west": {"uv": [0.35556, 13.77778, 2.13333, 14.66667], "texture": "#0"},
				"up": {"uv": [0.35556, 13.77778, 2.13333, 14.66667], "texture": "#0"},
				"down": {"uv": [0.35556, 13.77778, 2.13333, 14.66667], "texture": "#0"}
			}
		},
		{
			"from": [10.25, 0, 2.75],
			"to": [11.25, 1, 3.75],
			"faces": {
				"north": {"uv": [9.77778, 3.55556, 10.66667, 4.44444], "texture": "#0"},
				"east": {"uv": [9.77778, 3.55556, 10.66667, 4.44444], "texture": "#0"},
				"south": {"uv": [9.77778, 3.55556, 10.66667, 4.44444], "texture": "#0"},
				"west": {"uv": [9.77778, 3.55556, 10.66667, 4.44444], "texture": "#0"},
				"up": {"uv": [9.77778, 3.55556, 10.66667, 4.44444], "texture": "#0"},
				"down": {"uv": [9.77778, 3.55556, 10.66667, 4.44444], "texture": "#0"}
			}
		},
		{
			"from": [10.25, 0, 4.75],
			"to": [11.25, 1, 5.75],
			"faces": {
				"north": {"uv": [9.77778, 6.22222, 10.66667, 7.11111], "texture": "#0"},
				"east": {"uv": [9.77778, 6.22222, 10.66667, 7.11111], "texture": "#0"},
				"south": {"uv": [9.77778, 6.22222, 10.66667, 7.11111], "texture": "#0"},
				"west": {"uv": [9.77778, 6.22222, 10.66667, 7.11111], "texture": "#0"},
				"up": {"uv": [9.77778, 6.22222, 10.66667, 7.11111], "texture": "#0"},
				"down": {"uv": [9.77778, 6.22222, 10.66667, 7.11111], "texture": "#0"}
			}
		},
		{
			"from": [10.25, 0, 3.75],
			"to": [11.25, 1, 4.75],
			"faces": {
				"north": {"uv": [9.77778, 6.22222, 10.66667, 7.11111], "texture": "#0"},
				"east": {"uv": [9.77778, 6.22222, 10.66667, 7.11111], "texture": "#0"},
				"south": {"uv": [9.77778, 6.22222, 10.66667, 7.11111], "texture": "#0"},
				"west": {"uv": [9.77778, 6.22222, 10.66667, 7.11111], "texture": "#0"},
				"up": {"uv": [9.77778, 6.22222, 10.66667, 7.11111], "texture": "#0"},
				"down": {"uv": [9.77778, 6.22222, 10.66667, 7.11111], "texture": "#0"}
			}
		},
		{
			"from": [11.25, 0, 4.75],
			"to": [12.25, 1, 5.75],
			"faces": {
				"north": {"uv": [9.77778, 3.55556, 10.66667, 4.44444], "texture": "#0"},
				"east": {"uv": [9.77778, 3.55556, 10.66667, 4.44444], "texture": "#0"},
				"south": {"uv": [9.77778, 3.55556, 10.66667, 4.44444], "texture": "#0"},
				"west": {"uv": [9.77778, 3.55556, 10.66667, 4.44444], "texture": "#0"},
				"up": {"uv": [9.77778, 3.55556, 10.66667, 4.44444], "texture": "#0"},
				"down": {"uv": [9.77778, 3.55556, 10.66667, 4.44444], "texture": "#0"}
			}
		},
		{
			"from": [11.25, 0, 3.75],
			"to": [12.25, 1, 4.75],
			"faces": {
				"north": {"uv": [9.77778, 8.88889, 10.66667, 9.77778], "texture": "#0"},
				"east": {"uv": [9.77778, 8.88889, 10.66667, 9.77778], "texture": "#0"},
				"south": {"uv": [9.77778, 8.88889, 10.66667, 9.77778], "texture": "#0"},
				"west": {"uv": [9.77778, 8.88889, 10.66667, 9.77778], "texture": "#0"},
				"up": {"uv": [9.77778, 8.88889, 10.66667, 9.77778], "texture": "#0"},
				"down": {"uv": [9.77778, 8.88889, 10.66667, 9.77778], "texture": "#0"}
			}
		},
		{
			"from": [12.25, 0, 3.75],
			"to": [13.25, 1, 4.75],
			"faces": {
				"north": {"uv": [9.77778, 8.88889, 10.66667, 9.77778], "texture": "#0"},
				"east": {"uv": [9.77778, 8.88889, 10.66667, 9.77778], "texture": "#0"},
				"south": {"uv": [9.77778, 8.88889, 10.66667, 9.77778], "texture": "#0"},
				"west": {"uv": [9.77778, 8.88889, 10.66667, 9.77778], "texture": "#0"},
				"up": {"uv": [9.77778, 8.88889, 10.66667, 9.77778], "texture": "#0"},
				"down": {"uv": [9.77778, 8.88889, 10.66667, 9.77778], "texture": "#0"}
			}
		},
		{
			"from": [12.25, 0, 2.75],
			"to": [13.25, 1, 3.75],
			"faces": {
				"north": {"uv": [9.77778, 8.88889, 10.66667, 9.77778], "texture": "#0"},
				"east": {"uv": [9.77778, 8.88889, 10.66667, 9.77778], "texture": "#0"},
				"south": {"uv": [9.77778, 8.88889, 10.66667, 9.77778], "texture": "#0"},
				"west": {"uv": [9.77778, 8.88889, 10.66667, 9.77778], "texture": "#0"},
				"up": {"uv": [9.77778, 8.88889, 10.66667, 9.77778], "texture": "#0"},
				"down": {"uv": [9.77778, 8.88889, 10.66667, 9.77778], "texture": "#0"}
			}
		},
		{
			"from": [11.25, 0, 2.75],
			"to": [12.25, 1, 3.75],
			"faces": {
				"north": {"uv": [9.77778, 6.22222, 10.66667, 7.11111], "texture": "#0"},
				"east": {"uv": [9.77778, 6.22222, 10.66667, 7.11111], "texture": "#0"},
				"south": {"uv": [9.77778, 6.22222, 10.66667, 7.11111], "texture": "#0"},
				"west": {"uv": [9.77778, 6.22222, 10.66667, 7.11111], "texture": "#0"},
				"up": {"uv": [9.77778, 6.22222, 10.66667, 7.11111], "texture": "#0"},
				"down": {"uv": [9.77778, 6.22222, 10.66667, 7.11111], "texture": "#0"}
			}
		},
		{
			"from": [12.25, 0, 1.75],
			"to": [13.25, 1, 2.75],
			"faces": {
				"north": {"uv": [9.77778, 3.55556, 10.66667, 4.44444], "texture": "#0"},
				"east": {"uv": [9.77778, 3.55556, 10.66667, 4.44444], "texture": "#0"},
				"south": {"uv": [9.77778, 3.55556, 10.66667, 4.44444], "texture": "#0"},
				"west": {"uv": [9.77778, 3.55556, 10.66667, 4.44444], "texture": "#0"},
				"up": {"uv": [9.77778, 3.55556, 10.66667, 4.44444], "texture": "#0"},
				"down": {"uv": [9.77778, 3.55556, 10.66667, 4.44444], "texture": "#0"}
			}
		},
		{
			"from": [13.25, 0, 1.75],
			"to": [14.25, 1, 2.75],
			"faces": {
				"north": {"uv": [9.77778, 8.88889, 10.66667, 9.77778], "texture": "#0"},
				"east": {"uv": [9.77778, 8.88889, 10.66667, 9.77778], "texture": "#0"},
				"south": {"uv": [9.77778, 8.88889, 10.66667, 9.77778], "texture": "#0"},
				"west": {"uv": [9.77778, 8.88889, 10.66667, 9.77778], "texture": "#0"},
				"up": {"uv": [9.77778, 8.88889, 10.66667, 9.77778], "texture": "#0"},
				"down": {"uv": [9.77778, 8.88889, 10.66667, 9.77778], "texture": "#0"}
			}
		},
		{
			"from": [13.25, 0, 2.75],
			"to": [14.25, 1, 3.75],
			"faces": {
				"north": {"uv": [9.77778, 6.22222, 10.66667, 7.11111], "texture": "#0"},
				"east": {"uv": [9.77778, 6.22222, 10.66667, 7.11111], "texture": "#0"},
				"south": {"uv": [9.77778, 6.22222, 10.66667, 7.11111], "texture": "#0"},
				"west": {"uv": [9.77778, 6.22222, 10.66667, 7.11111], "texture": "#0"},
				"up": {"uv": [9.77778, 6.22222, 10.66667, 7.11111], "texture": "#0"},
				"down": {"uv": [9.77778, 6.22222, 10.66667, 7.11111], "texture": "#0"}
			}
		},
		{
			"from": [12.25, 0, 4.75],
			"to": [13.25, 1, 5.75],
			"faces": {
				"north": {"uv": [9.77778, 6.22222, 10.66667, 7.11111], "texture": "#0"},
				"east": {"uv": [9.77778, 6.22222, 10.66667, 7.11111], "texture": "#0"},
				"south": {"uv": [9.77778, 6.22222, 10.66667, 7.11111], "texture": "#0"},
				"west": {"uv": [9.77778, 6.22222, 10.66667, 7.11111], "texture": "#0"},
				"up": {"uv": [9.77778, 6.22222, 10.66667, 7.11111], "texture": "#0"},
				"down": {"uv": [9.77778, 6.22222, 10.66667, 7.11111], "texture": "#0"}
			}
		},
		{
			"from": [13.25, 0, 3.75],
			"to": [14.25, 1, 4.75],
			"faces": {
				"north": {"uv": [9.77778, 3.55556, 10.66667, 4.44444], "texture": "#0"},
				"east": {"uv": [9.77778, 3.55556, 10.66667, 4.44444], "texture": "#0"},
				"south": {"uv": [9.77778, 3.55556, 10.66667, 4.44444], "texture": "#0"},
				"west": {"uv": [9.77778, 3.55556, 10.66667, 4.44444], "texture": "#0"},
				"up": {"uv": [9.77778, 3.55556, 10.66667, 4.44444], "texture": "#0"},
				"down": {"uv": [9.77778, 3.55556, 10.66667, 4.44444], "texture": "#0"}
			}
		},
		{
			"from": [14.25, 0, 2.75],
			"to": [15.25, 1, 3.75],
			"faces": {
				"north": {"uv": [9.77778, 3.55556, 10.66667, 4.44444], "texture": "#0"},
				"east": {"uv": [9.77778, 3.55556, 10.66667, 4.44444], "texture": "#0"},
				"south": {"uv": [9.77778, 3.55556, 10.66667, 4.44444], "texture": "#0"},
				"west": {"uv": [9.77778, 3.55556, 10.66667, 4.44444], "texture": "#0"},
				"up": {"uv": [9.77778, 3.55556, 10.66667, 4.44444], "texture": "#0"},
				"down": {"uv": [9.77778, 3.55556, 10.66667, 4.44444], "texture": "#0"}
			}
		},
		{
			"from": [14.25, 0, 1.75],
			"to": [15.25, 1, 2.75],
			"faces": {
				"north": {"uv": [9.77778, 3.55556, 10.66667, 4.44444], "texture": "#0"},
				"east": {"uv": [9.77778, 3.55556, 10.66667, 4.44444], "texture": "#0"},
				"south": {"uv": [9.77778, 3.55556, 10.66667, 4.44444], "texture": "#0"},
				"west": {"uv": [9.77778, 3.55556, 10.66667, 4.44444], "texture": "#0"},
				"up": {"uv": [9.77778, 3.55556, 10.66667, 4.44444], "texture": "#0"},
				"down": {"uv": [9.77778, 3.55556, 10.66667, 4.44444], "texture": "#0"}
			}
		},
		{
			"from": [14.25, 0, 0.75],
			"to": [15.25, 1, 1.75],
			"faces": {
				"north": {"uv": [9.77778, 0.88889, 10.66667, 1.77778], "texture": "#0"},
				"east": {"uv": [9.77778, 0.88889, 10.66667, 1.77778], "texture": "#0"},
				"south": {"uv": [9.77778, 0.88889, 10.66667, 1.77778], "texture": "#0"},
				"west": {"uv": [9.77778, 0.88889, 10.66667, 1.77778], "texture": "#0"},
				"up": {"uv": [9.77778, 0.88889, 10.66667, 1.77778], "texture": "#0"},
				"down": {"uv": [9.77778, 0.88889, 10.66667, 1.77778], "texture": "#0"}
			}
		},
		{
			"from": [13.25, 0, 0.75],
			"to": [14.25, 1, 1.75],
			"faces": {
				"north": {"uv": [9.77778, 0.88889, 10.66667, 1.77778], "texture": "#0"},
				"east": {"uv": [9.77778, 0.88889, 10.66667, 1.77778], "texture": "#0"},
				"south": {"uv": [9.77778, 0.88889, 10.66667, 1.77778], "texture": "#0"},
				"west": {"uv": [9.77778, 0.88889, 10.66667, 1.77778], "texture": "#0"},
				"up": {"uv": [9.77778, 0.88889, 10.66667, 1.77778], "texture": "#0"},
				"down": {"uv": [9.77778, 0.88889, 10.66667, 1.77778], "texture": "#0"}
			}
		},
		{
			"from": [12.25, 0, 0.75],
			"to": [13.25, 1, 1.75],
			"faces": {
				"north": {"uv": [9.77778, 0.88889, 10.66667, 1.77778], "texture": "#0"},
				"east": {"uv": [9.77778, 0.88889, 10.66667, 1.77778], "texture": "#0"},
				"south": {"uv": [9.77778, 0.88889, 10.66667, 1.77778], "texture": "#0"},
				"west": {"uv": [9.77778, 0.88889, 10.66667, 1.77778], "texture": "#0"},
				"up": {"uv": [9.77778, 0.88889, 10.66667, 1.77778], "texture": "#0"},
				"down": {"uv": [9.77778, 0.88889, 10.66667, 1.77778], "texture": "#0"}
			}
		},
		{
			"from": [11.25, 0, 1.75],
			"to": [12.25, 1, 2.75],
			"faces": {
				"north": {"uv": [9.77778, 0.88889, 10.66667, 1.77778], "texture": "#0"},
				"east": {"uv": [9.77778, 0.88889, 10.66667, 1.77778], "texture": "#0"},
				"south": {"uv": [9.77778, 0.88889, 10.66667, 1.77778], "texture": "#0"},
				"west": {"uv": [9.77778, 0.88889, 10.66667, 1.77778], "texture": "#0"},
				"up": {"uv": [9.77778, 0.88889, 10.66667, 1.77778], "texture": "#0"},
				"down": {"uv": [9.77778, 0.88889, 10.66667, 1.77778], "texture": "#0"}
			}
		},
		{
			"from": [9.25, 0.25, 4.25],
			"to": [11.75, 0.75, 6.75],
			"faces": {
				"north": {"uv": [0.88889, 0.88889, 3.11111, 3.11111], "texture": "#0"},
				"east": {"uv": [0.88889, 0.88889, 3.11111, 3.11111], "texture": "#0"},
				"south": {"uv": [0.88889, 0.88889, 3.11111, 3.11111], "texture": "#0"},
				"west": {"uv": [0.88889, 0.88889, 3.11111, 3.11111], "texture": "#0"},
				"up": {"uv": [0.88889, 0.88889, 3.11111, 3.11111], "texture": "#0"},
				"down": {"uv": [0.88889, 0.88889, 3.11111, 3.11111], "texture": "#0"}
			}
		},
		{
			"from": [3.25, 0.1, 8.75],
			"to": [4.25, 0.9, 10.75],
			"faces": {
				"north": {"uv": [0.88889, 3.91111, 1.77778, 6.57778], "texture": "#0"},
				"east": {"uv": [0.88889, 3.91111, 1.77778, 6.57778], "texture": "#0"},
				"south": {"uv": [0.88889, 3.91111, 1.77778, 6.57778], "texture": "#0"},
				"west": {"uv": [0.88889, 3.91111, 1.77778, 6.57778], "texture": "#0"},
				"up": {"uv": [0.88889, 3.91111, 1.77778, 6.57778], "texture": "#0"},
				"down": {"uv": [0.88889, 3.91111, 1.77778, 6.57778], "texture": "#0"}
			}
		},
		{
			"from": [10.25, 0.1, 6.75],
			"to": [11.25, 0.9, 8.75],
			"faces": {
				"north": {"uv": [0.88889, 3.91111, 1.77778, 6.57778], "texture": "#0"},
				"east": {"uv": [0.88889, 3.91111, 1.77778, 6.57778], "texture": "#0"},
				"south": {"uv": [0.88889, 3.91111, 1.77778, 6.57778], "texture": "#0"},
				"west": {"uv": [0.88889, 3.91111, 1.77778, 6.57778], "texture": "#0"},
				"up": {"uv": [0.88889, 3.91111, 1.77778, 6.57778], "texture": "#0"},
				"down": {"uv": [0.88889, 3.91111, 1.77778, 6.57778], "texture": "#0"}
			}
		},
		{
			"from": [5.25, 0.1, 11.75],
			"to": [7.25, 0.9, 12.75],
			"faces": {
				"north": {"uv": [0.88889, 3.91111, 3.55556, 4.8], "texture": "#0"},
				"east": {"uv": [0.88889, 3.91111, 3.55556, 4.8], "texture": "#0"},
				"south": {"uv": [0.88889, 3.91111, 3.55556, 4.8], "texture": "#0"},
				"west": {"uv": [0.88889, 3.91111, 3.55556, 4.8], "texture": "#0"},
				"up": {"uv": [0.88889, 3.91111, 3.55556, 4.8], "texture": "#0"},
				"down": {"uv": [0.88889, 3.91111, 3.55556, 4.8], "texture": "#0"}
			}
		},
		{
			"from": [7.25, 0.1, 4.75],
			"to": [9.25, 0.9, 5.75],
			"faces": {
				"north": {"uv": [0.88889, 3.91111, 3.55556, 4.8], "texture": "#0"},
				"east": {"uv": [0.88889, 3.91111, 3.55556, 4.8], "texture": "#0"},
				"south": {"uv": [0.88889, 3.91111, 3.55556, 4.8], "texture": "#0"},
				"west": {"uv": [0.88889, 3.91111, 3.55556, 4.8], "texture": "#0"},
				"up": {"uv": [0.88889, 3.91111, 3.55556, 4.8], "texture": "#0"},
				"down": {"uv": [0.88889, 3.91111, 3.55556, 4.8], "texture": "#0"}
			}
		},
		{
			"from": [5.25, 0.1, 4.75],
			"to": [7.25, 0.9, 5.75],
			"faces": {
				"north": {"uv": [0.88889, 8.35556, 3.55556, 9.24444], "texture": "#0"},
				"east": {"uv": [0.88889, 8.35556, 3.55556, 9.24444], "texture": "#0"},
				"south": {"uv": [0.88889, 8.35556, 3.55556, 9.24444], "texture": "#0"},
				"west": {"uv": [0.88889, 8.35556, 3.55556, 9.24444], "texture": "#0"},
				"up": {"uv": [0.88889, 8.35556, 3.55556, 9.24444], "texture": "#0"},
				"down": {"uv": [0.88889, 8.35556, 3.55556, 9.24444], "texture": "#0"}
			}
		},
		{
			"from": [10.25, 0.1, 8.75],
			"to": [11.25, 0.9, 10.75],
			"faces": {
				"north": {"uv": [0.88889, 8.35556, 3.55556, 9.24444], "texture": "#0"},
				"east": {"uv": [0.88889, 8.35556, 3.55556, 9.24444], "texture": "#0"},
				"south": {"uv": [0.88889, 8.35556, 3.55556, 9.24444], "texture": "#0"},
				"west": {"uv": [0.88889, 8.35556, 3.55556, 9.24444], "texture": "#0"},
				"up": {"uv": [0.88889, 8.35556, 3.55556, 9.24444], "texture": "#0"},
				"down": {"uv": [0.88889, 8.35556, 3.55556, 9.24444], "texture": "#0"}
			}
		},
		{
			"from": [7.25, 0.1, 11.75],
			"to": [9.25, 0.9, 12.75],
			"faces": {
				"north": {"uv": [0.88889, 8.35556, 3.55556, 9.24444], "texture": "#0"},
				"east": {"uv": [0.88889, 8.35556, 3.55556, 9.24444], "texture": "#0"},
				"south": {"uv": [0.88889, 8.35556, 3.55556, 9.24444], "texture": "#0"},
				"west": {"uv": [0.88889, 8.35556, 3.55556, 9.24444], "texture": "#0"},
				"up": {"uv": [0.88889, 8.35556, 3.55556, 9.24444], "texture": "#0"},
				"down": {"uv": [0.88889, 8.35556, 3.55556, 9.24444], "texture": "#0"}
			}
		},
		{
			"from": [3.25, 0.1, 6.75],
			"to": [4.25, 0.9, 8.75],
			"faces": {
				"north": {"uv": [0.88889, 8.35556, 3.55556, 9.24444], "texture": "#0"},
				"east": {"uv": [0.88889, 8.35556, 3.55556, 9.24444], "texture": "#0"},
				"south": {"uv": [0.88889, 8.35556, 3.55556, 9.24444], "texture": "#0"},
				"west": {"uv": [0.88889, 8.35556, 3.55556, 9.24444], "texture": "#0"},
				"up": {"uv": [0.88889, 8.35556, 3.55556, 9.24444], "texture": "#0"},
				"down": {"uv": [0.88889, 8.35556, 3.55556, 9.24444], "texture": "#0"}
			}
		},
		{
			"from": [3.75, 0.25, 10.75],
			"to": [5.25, 0.75, 13.25],
			"faces": {
				"north": {"uv": [0.88889, 0.88889, 3.11111, 3.11111], "texture": "#0"},
				"east": {"uv": [0.88889, 0.88889, 3.11111, 3.11111], "texture": "#0"},
				"south": {"uv": [0.88889, 0.88889, 3.11111, 3.11111], "texture": "#0"},
				"west": {"uv": [0.88889, 0.88889, 3.11111, 3.11111], "texture": "#0"},
				"up": {"uv": [0.88889, 0.88889, 3.11111, 3.11111], "texture": "#0"},
				"down": {"uv": [0.88889, 0.88889, 3.11111, 3.11111], "texture": "#0"}
			}
		},
		{
			"from": [2.75, 0.25, 10.75],
			"to": [5.25, 0.75, 12.25],
			"faces": {
				"north": {"uv": [0.88889, 0.88889, 3.11111, 3.11111], "texture": "#0"},
				"east": {"uv": [0.88889, 0.88889, 3.11111, 3.11111], "texture": "#0"},
				"south": {"uv": [0.88889, 0.88889, 3.11111, 3.11111], "texture": "#0"},
				"west": {"uv": [0.88889, 0.88889, 3.11111, 3.11111], "texture": "#0"},
				"up": {"uv": [0.88889, 0.88889, 3.11111, 3.11111], "texture": "#0"},
				"down": {"uv": [0.88889, 0.88889, 3.11111, 3.11111], "texture": "#0"}
			}
		},
		{
			"name": "copper pulser",
			"from": [1.25, 0, 12.5],
			"to": [2, 1, 14],
			"faces": {
				"north": {"uv": [14.22222, 8.88889, 15.11111, 9.77778], "texture": "#0"},
				"east": {"uv": [14.22222, 8.88889, 15.11111, 9.77778], "texture": "#0"},
				"south": {"uv": [14.22222, 8.88889, 15.11111, 9.77778], "texture": "#0"},
				"west": {"uv": [14.22222, 8.88889, 15.11111, 9.77778], "texture": "#0"},
				"up": {"uv": [14.22222, 8.88889, 15.11111, 9.77778], "texture": "#0"},
				"down": {"uv": [14.22222, 8.88889, 15.11111, 9.77778], "texture": "#0"}
			}
		},
		{
			"name": "copper pulser",
			"from": [1.25, 0, 14],
			"to": [2, 1, 14.75],
			"faces": {
				"north": {"uv": [13.33333, 11.55556, 14.22222, 12.44444], "texture": "#0"},
				"east": {"uv": [13.33333, 11.55556, 14.22222, 12.44444], "texture": "#0"},
				"south": {"uv": [13.33333, 11.55556, 14.22222, 12.44444], "texture": "#0"},
				"west": {"uv": [13.33333, 11.55556, 14.22222, 12.44444], "texture": "#0"},
				"up": {"uv": [13.33333, 11.55556, 14.22222, 12.44444], "texture": "#0"},
				"down": {"uv": [13.33333, 11.55556, 14.22222, 12.44444], "texture": "#0"}
			}
		},
		{
			"name": "copper pulser",
			"from": [2, 0, 14],
			"to": [3.5, 1, 14.75],
			"faces": {
				"north": {"uv": [14.22222, 8.88889, 15.11111, 9.77778], "texture": "#0"},
				"east": {"uv": [14.22222, 8.88889, 15.11111, 9.77778], "texture": "#0"},
				"south": {"uv": [14.22222, 8.88889, 15.11111, 9.77778], "texture": "#0"},
				"west": {"uv": [14.22222, 8.88889, 15.11111, 9.77778], "texture": "#0"},
				"up": {"uv": [14.22222, 8.88889, 15.11111, 9.77778], "texture": "#0"},
				"down": {"uv": [14.22222, 8.88889, 15.11111, 9.77778], "texture": "#0"}
			}
		},
		{
			"name": "copper pulser",
			"from": [3.5, 0, 14],
			"to": [4.25, 1, 14.75],
			"faces": {
				"north": {"uv": [13.33333, 6.22222, 14.22222, 7.11111], "texture": "#0"},
				"east": {"uv": [13.33333, 6.22222, 14.22222, 7.11111], "texture": "#0"},
				"south": {"uv": [13.33333, 6.22222, 14.22222, 7.11111], "texture": "#0"},
				"west": {"uv": [13.33333, 6.22222, 14.22222, 7.11111], "texture": "#0"},
				"up": {"uv": [13.33333, 6.22222, 14.22222, 7.11111], "texture": "#0"},
				"down": {"uv": [13.33333, 6.22222, 14.22222, 7.11111], "texture": "#0"}
			}
		},
		{
			"name": "copper pulser",
			"from": [3.5, 0, 12.5],
			"to": [4.25, 1, 14],
			"faces": {
				"north": {"uv": [13.33333, 3.55556, 14.22222, 4.44444], "texture": "#0"},
				"east": {"uv": [13.33333, 3.55556, 14.22222, 4.44444], "texture": "#0"},
				"south": {"uv": [13.33333, 3.55556, 14.22222, 4.44444], "texture": "#0"},
				"west": {"uv": [13.33333, 3.55556, 14.22222, 4.44444], "texture": "#0"},
				"up": {"uv": [13.33333, 3.55556, 14.22222, 4.44444], "texture": "#0"},
				"down": {"uv": [13.33333, 3.55556, 14.22222, 4.44444], "texture": "#0"}
			}
		},
		{
			"name": "copper pulser",
			"from": [3.5, 0, 11.75],
			"to": [4.25, 1, 12.5],
			"faces": {
				"north": {"uv": [13.33333, 0.88889, 14.22222, 1.77778], "texture": "#0"},
				"east": {"uv": [13.33333, 0.88889, 14.22222, 1.77778], "texture": "#0"},
				"south": {"uv": [13.33333, 0.88889, 14.22222, 1.77778], "texture": "#0"},
				"west": {"uv": [13.33333, 0.88889, 14.22222, 1.77778], "texture": "#0"},
				"up": {"uv": [13.33333, 0.88889, 14.22222, 1.77778], "texture": "#0"},
				"down": {"uv": [13.33333, 0.88889, 14.22222, 1.77778], "texture": "#0"}
			}
		},
		{
			"name": "copper pulser",
			"from": [2.4, 0, 12.85],
			"to": [3.15, 1, 13.6],
			"faces": {
				"north": {"uv": [13.33333, 0.88889, 14.22222, 1.77778], "texture": "#0"},
				"east": {"uv": [13.33333, 0.88889, 14.22222, 1.77778], "texture": "#0"},
				"south": {"uv": [13.33333, 0.88889, 14.22222, 1.77778], "texture": "#0"},
				"west": {"uv": [13.33333, 0.88889, 14.22222, 1.77778], "texture": "#0"},
				"up": {"uv": [13.33333, 0.88889, 14.22222, 1.77778], "texture": "#0"},
				"down": {"uv": [13.33333, 0.88889, 14.22222, 1.77778], "texture": "#0"}
			}
		},
		{
			"name": "copper pulser",
			"from": [2, 0, 11.75],
			"to": [3.5, 1, 12.5],
			"faces": {
				"north": {"uv": [13.33333, 3.55556, 14.22222, 4.44444], "texture": "#0"},
				"east": {"uv": [13.33333, 3.55556, 14.22222, 4.44444], "texture": "#0"},
				"south": {"uv": [13.33333, 3.55556, 14.22222, 4.44444], "texture": "#0"},
				"west": {"uv": [13.33333, 3.55556, 14.22222, 4.44444], "texture": "#0"},
				"up": {"uv": [13.33333, 3.55556, 14.22222, 4.44444], "texture": "#0"},
				"down": {"uv": [13.33333, 3.55556, 14.22222, 4.44444], "texture": "#0"}
			}
		},
		{
			"name": "copper pulser",
			"from": [1.25, 0, 11.75],
			"to": [2, 1, 12.5],
			"faces": {
				"north": {"uv": [13.33333, 6.22222, 14.22222, 7.11111], "texture": "#0"},
				"east": {"uv": [13.33333, 6.22222, 14.22222, 7.11111], "texture": "#0"},
				"south": {"uv": [13.33333, 6.22222, 14.22222, 7.11111], "texture": "#0"},
				"west": {"uv": [13.33333, 6.22222, 14.22222, 7.11111], "texture": "#0"},
				"up": {"uv": [13.33333, 6.22222, 14.22222, 7.11111], "texture": "#0"},
				"down": {"uv": [13.33333, 6.22222, 14.22222, 7.11111], "texture": "#0"}
			}
		},
		{
			"name": "copper pulser rim",
			"from": [1.5, 0.75, 14.65],
			"to": [3.25, 1.25, 15.15],
			"faces": {
				"north": {"uv": [13.42222, 0.53333, 14.97778, 0.97778], "texture": "#0"},
				"east": {"uv": [13.42222, 0.53333, 14.97778, 0.97778], "texture": "#0"},
				"south": {"uv": [13.42222, 0.53333, 14.97778, 0.97778], "texture": "#0"},
				"west": {"uv": [13.42222, 0.53333, 14.97778, 0.97778], "texture": "#0"},
				"up": {"uv": [13.42222, 0.53333, 14.97778, 0.97778], "texture": "#0"},
				"down": {"uv": [13.42222, 0.53333, 14.97778, 0.97778], "texture": "#0"}
			}
		},
		{
			"name": "copper pulser rim",
			"from": [0.85, 0.75, 12.75],
			"to": [1.35, 1.25, 14.5],
			"faces": {
				"north": {"uv": [13.42222, 0.53333, 13.86667, 2.08889], "texture": "#0"},
				"east": {"uv": [13.42222, 0.53333, 13.86667, 2.08889], "texture": "#0"},
				"south": {"uv": [13.42222, 0.53333, 13.86667, 2.08889], "texture": "#0"},
				"west": {"uv": [13.42222, 0.53333, 13.86667, 2.08889], "texture": "#0"},
				"up": {"uv": [13.42222, 0.53333, 13.86667, 2.08889], "texture": "#0"},
				"down": {"uv": [13.42222, 0.53333, 13.86667, 2.08889], "texture": "#0"}
			}
		},
		{
			"name": "copper pulser rim",
			"from": [0.85, -0.25, 12.75],
			"to": [1.35, 0.25, 14.5],
			"faces": {
				"north": {"uv": [13.42222, 0.53333, 13.86667, 2.08889], "texture": "#0"},
				"east": {"uv": [13.42222, 0.53333, 13.86667, 2.08889], "texture": "#0"},
				"south": {"uv": [13.42222, 0.53333, 13.86667, 2.08889], "texture": "#0"},
				"west": {"uv": [13.42222, 0.53333, 13.86667, 2.08889], "texture": "#0"},
				"up": {"uv": [13.42222, 0.53333, 13.86667, 2.08889], "texture": "#0"},
				"down": {"uv": [13.42222, 0.53333, 13.86667, 2.08889], "texture": "#0"}
			}
		},
		{
			"name": "copper pulser rim",
			"from": [0.85, -0.25, 12],
			"to": [1.35, 0.25, 12.5],
			"faces": {
				"north": {"uv": [13.42222, 0.53333, 13.86667, 0.97778], "texture": "#0"},
				"east": {"uv": [13.42222, 0.53333, 13.86667, 0.97778], "texture": "#0"},
				"south": {"uv": [13.42222, 0.53333, 13.86667, 0.97778], "texture": "#0"},
				"west": {"uv": [13.42222, 0.53333, 13.86667, 0.97778], "texture": "#0"},
				"up": {"uv": [13.42222, 0.53333, 13.86667, 0.97778], "texture": "#0"},
				"down": {"uv": [13.42222, 0.53333, 13.86667, 0.97778], "texture": "#0"}
			}
		},
		{
			"name": "copper pulser rim",
			"from": [0.85, 0.75, 12],
			"to": [1.35, 1.25, 12.5],
			"faces": {
				"north": {"uv": [13.42222, 0.53333, 13.86667, 0.97778], "texture": "#0"},
				"east": {"uv": [13.42222, 0.53333, 13.86667, 0.97778], "texture": "#0"},
				"south": {"uv": [13.42222, 0.53333, 13.86667, 0.97778], "texture": "#0"},
				"west": {"uv": [13.42222, 0.53333, 13.86667, 0.97778], "texture": "#0"},
				"up": {"uv": [13.42222, 0.53333, 13.86667, 0.97778], "texture": "#0"},
				"down": {"uv": [13.42222, 0.53333, 13.86667, 0.97778], "texture": "#0"}
			}
		},
		{
			"name": "copper pulser rim",
			"from": [1.5, -0.25, 14.65],
			"to": [3.25, 0.25, 15.15],
			"faces": {
				"north": {"uv": [13.42222, 0.53333, 14.97778, 0.97778], "texture": "#0"},
				"east": {"uv": [13.42222, 0.53333, 14.97778, 0.97778], "texture": "#0"},
				"south": {"uv": [13.42222, 0.53333, 14.97778, 0.97778], "texture": "#0"},
				"west": {"uv": [13.42222, 0.53333, 14.97778, 0.97778], "texture": "#0"},
				"up": {"uv": [13.42222, 0.53333, 14.97778, 0.97778], "texture": "#0"},
				"down": {"uv": [13.42222, 0.53333, 14.97778, 0.97778], "texture": "#0"}
			}
		},
		{
			"name": "copper pulser rim",
			"from": [3.5, -0.25, 14.65],
			"to": [4, 0.25, 15.15],
			"faces": {
				"north": {"uv": [13.42222, 0.53333, 13.86667, 0.97778], "texture": "#0"},
				"east": {"uv": [13.42222, 0.53333, 13.86667, 0.97778], "texture": "#0"},
				"south": {"uv": [13.42222, 0.53333, 13.86667, 0.97778], "texture": "#0"},
				"west": {"uv": [13.42222, 0.53333, 13.86667, 0.97778], "texture": "#0"},
				"up": {"uv": [13.42222, 0.53333, 13.86667, 0.97778], "texture": "#0"},
				"down": {"uv": [13.42222, 0.53333, 13.86667, 0.97778], "texture": "#0"}
			}
		},
		{
			"name": "copper pulser rim",
			"from": [3.5, 0.75, 14.65],
			"to": [4, 1.25, 15.15],
			"faces": {
				"north": {"uv": [13.42222, 0.53333, 13.86667, 0.97778], "texture": "#0"},
				"east": {"uv": [13.42222, 0.53333, 13.86667, 0.97778], "texture": "#0"},
				"south": {"uv": [13.42222, 0.53333, 13.86667, 0.97778], "texture": "#0"},
				"west": {"uv": [13.42222, 0.53333, 13.86667, 0.97778], "texture": "#0"},
				"up": {"uv": [13.42222, 0.53333, 13.86667, 0.97778], "texture": "#0"},
				"down": {"uv": [13.42222, 0.53333, 13.86667, 0.97778], "texture": "#0"}
			}
		},
		{
			"name": "copper holders",
			"from": [3.75, 0.35, 14.25],
			"to": [4.75, 0.65, 15.25],
			"faces": {
				"north": {"uv": [1.77778, 8.88889, 2.66667, 9.77778], "texture": "#0"},
				"east": {"uv": [1.77778, 8.88889, 2.66667, 9.77778], "texture": "#0"},
				"south": {"uv": [1.77778, 8.88889, 2.66667, 9.77778], "texture": "#0"},
				"west": {"uv": [1.77778, 8.88889, 2.66667, 9.77778], "texture": "#0"},
				"up": {"uv": [1.77778, 8.88889, 2.66667, 9.77778], "texture": "#0"},
				"down": {"uv": [1.77778, 8.88889, 2.66667, 9.77778], "texture": "#0"}
			}
		},
		{
			"name": "copper holders",
			"from": [0.75, 0.35, 11.25],
			"to": [1.75, 0.65, 12.25],
			"faces": {
				"north": {"uv": [1.77778, 8.88889, 2.66667, 9.77778], "texture": "#0"},
				"east": {"uv": [1.77778, 8.88889, 2.66667, 9.77778], "texture": "#0"},
				"south": {"uv": [1.77778, 8.88889, 2.66667, 9.77778], "texture": "#0"},
				"west": {"uv": [1.77778, 8.88889, 2.66667, 9.77778], "texture": "#0"},
				"up": {"uv": [1.77778, 8.88889, 2.66667, 9.77778], "texture": "#0"},
				"down": {"uv": [1.77778, 8.88889, 2.66667, 9.77778], "texture": "#0"}
			}
		},
		{
			"name": "copper holders",
			"from": [1.25, 0.35, 10.75],
			"to": [2.25, 0.65, 11.75],
			"faces": {
				"north": {"uv": [1.77778, 8.88889, 2.66667, 9.77778], "texture": "#0"},
				"east": {"uv": [1.77778, 8.88889, 2.66667, 9.77778], "texture": "#0"},
				"south": {"uv": [1.77778, 8.88889, 2.66667, 9.77778], "texture": "#0"},
				"west": {"uv": [1.77778, 8.88889, 2.66667, 9.77778], "texture": "#0"},
				"up": {"uv": [1.77778, 8.88889, 2.66667, 9.77778], "texture": "#0"},
				"down": {"uv": [1.77778, 8.88889, 2.66667, 9.77778], "texture": "#0"}
			}
		},
		{
			"name": "copper holders",
			"from": [1.75, 0.35, 10.25],
			"to": [2.75, 0.65, 11.25],
			"faces": {
				"north": {"uv": [1.77778, 8.88889, 2.66667, 9.77778], "texture": "#0"},
				"east": {"uv": [1.77778, 8.88889, 2.66667, 9.77778], "texture": "#0"},
				"south": {"uv": [1.77778, 8.88889, 2.66667, 9.77778], "texture": "#0"},
				"west": {"uv": [1.77778, 8.88889, 2.66667, 9.77778], "texture": "#0"},
				"up": {"uv": [1.77778, 8.88889, 2.66667, 9.77778], "texture": "#0"},
				"down": {"uv": [1.77778, 8.88889, 2.66667, 9.77778], "texture": "#0"}
			}
		},
		{
			"name": "copper holders",
			"from": [2.25, 0.35, 9.75],
			"to": [3.25, 0.65, 10.75],
			"faces": {
				"north": {"uv": [1.77778, 8.88889, 2.66667, 9.77778], "texture": "#0"},
				"east": {"uv": [1.77778, 8.88889, 2.66667, 9.77778], "texture": "#0"},
				"south": {"uv": [1.77778, 8.88889, 2.66667, 9.77778], "texture": "#0"},
				"west": {"uv": [1.77778, 8.88889, 2.66667, 9.77778], "texture": "#0"},
				"up": {"uv": [1.77778, 8.88889, 2.66667, 9.77778], "texture": "#0"},
				"down": {"uv": [1.77778, 8.88889, 2.66667, 9.77778], "texture": "#0"}
			}
		},
		{
			"name": "copper holders",
			"from": [2.75, 0.35, 9.25],
			"to": [3.75, 0.65, 10.25],
			"faces": {
				"north": {"uv": [1.77778, 8.88889, 2.66667, 9.77778], "texture": "#0"},
				"east": {"uv": [1.77778, 8.88889, 2.66667, 9.77778], "texture": "#0"},
				"south": {"uv": [1.77778, 8.88889, 2.66667, 9.77778], "texture": "#0"},
				"west": {"uv": [1.77778, 8.88889, 2.66667, 9.77778], "texture": "#0"},
				"up": {"uv": [1.77778, 8.88889, 2.66667, 9.77778], "texture": "#0"},
				"down": {"uv": [1.77778, 8.88889, 2.66667, 9.77778], "texture": "#0"}
			}
		},
		{
			"name": "copper holders",
			"from": [4.25, 0.35, 13.75],
			"to": [5.25, 0.65, 14.75],
			"faces": {
				"north": {"uv": [1.77778, 8.88889, 2.66667, 9.77778], "texture": "#0"},
				"east": {"uv": [1.77778, 8.88889, 2.66667, 9.77778], "texture": "#0"},
				"south": {"uv": [1.77778, 8.88889, 2.66667, 9.77778], "texture": "#0"},
				"west": {"uv": [1.77778, 8.88889, 2.66667, 9.77778], "texture": "#0"},
				"up": {"uv": [1.77778, 8.88889, 2.66667, 9.77778], "texture": "#0"},
				"down": {"uv": [1.77778, 8.88889, 2.66667, 9.77778], "texture": "#0"}
			}
		},
		{
			"name": "copper holders",
			"from": [4.75, 0.35, 13.25],
			"to": [5.75, 0.65, 14.25],
			"faces": {
				"north": {"uv": [1.77778, 8.88889, 2.66667, 9.77778], "texture": "#0"},
				"east": {"uv": [1.77778, 8.88889, 2.66667, 9.77778], "texture": "#0"},
				"south": {"uv": [1.77778, 8.88889, 2.66667, 9.77778], "texture": "#0"},
				"west": {"uv": [1.77778, 8.88889, 2.66667, 9.77778], "texture": "#0"},
				"up": {"uv": [1.77778, 8.88889, 2.66667, 9.77778], "texture": "#0"},
				"down": {"uv": [1.77778, 8.88889, 2.66667, 9.77778], "texture": "#0"}
			}
		},
		{
			"name": "copper holders",
			"from": [5.25, 0.35, 12.75],
			"to": [6.25, 0.65, 13.75],
			"faces": {
				"north": {"uv": [1.77778, 8.88889, 2.66667, 9.77778], "texture": "#0"},
				"east": {"uv": [1.77778, 8.88889, 2.66667, 9.77778], "texture": "#0"},
				"south": {"uv": [1.77778, 8.88889, 2.66667, 9.77778], "texture": "#0"},
				"west": {"uv": [1.77778, 8.88889, 2.66667, 9.77778], "texture": "#0"},
				"up": {"uv": [1.77778, 8.88889, 2.66667, 9.77778], "texture": "#0"},
				"down": {"uv": [1.77778, 8.88889, 2.66667, 9.77778], "texture": "#0"}
			}
		},
		{
			"name": "copper holders",
			"from": [5.75, 0.35, 12.25],
			"to": [6.75, 0.65, 13.25],
			"faces": {
				"north": {"uv": [1.77778, 8.88889, 2.66667, 9.77778], "texture": "#0"},
				"east": {"uv": [1.77778, 8.88889, 2.66667, 9.77778], "texture": "#0"},
				"south": {"uv": [1.77778, 8.88889, 2.66667, 9.77778], "texture": "#0"},
				"west": {"uv": [1.77778, 8.88889, 2.66667, 9.77778], "texture": "#0"},
				"up": {"uv": [1.77778, 8.88889, 2.66667, 9.77778], "texture": "#0"},
				"down": {"uv": [1.77778, 8.88889, 2.66667, 9.77778], "texture": "#0"}
			}
		},
		{
			"name": "copper holders thin",
			"from": [10.95, 0.35, 7.7],
			"to": [11.55, 0.65, 8.3],
			"faces": {
				"north": {"uv": [0.88889, 8, 1.42222, 8.53333], "texture": "#0"},
				"east": {"uv": [0.88889, 8, 1.42222, 8.53333], "texture": "#0"},
				"south": {"uv": [0.88889, 8, 1.42222, 8.53333], "texture": "#0"},
				"west": {"uv": [0.88889, 8, 1.42222, 8.53333], "texture": "#0"},
				"up": {"uv": [0.88889, 8, 1.42222, 8.53333], "texture": "#0"},
				"down": {"uv": [0.88889, 8, 1.42222, 8.53333], "texture": "#0"}
			}
		},
		{
			"name": "copper holders thin",
			"from": [11.95, 0.35, 6.7],
			"to": [12.55, 0.65, 7.3],
			"faces": {
				"north": {"uv": [0.88889, 8, 1.42222, 8.53333], "texture": "#0"},
				"east": {"uv": [0.88889, 8, 1.42222, 8.53333], "texture": "#0"},
				"south": {"uv": [0.88889, 8, 1.42222, 8.53333], "texture": "#0"},
				"west": {"uv": [0.88889, 8, 1.42222, 8.53333], "texture": "#0"},
				"up": {"uv": [0.88889, 8, 1.42222, 8.53333], "texture": "#0"},
				"down": {"uv": [0.88889, 8, 1.42222, 8.53333], "texture": "#0"}
			}
		},
		{
			"name": "copper holders thin",
			"from": [12.95, 0.35, 5.7],
			"to": [13.55, 0.65, 6.3],
			"faces": {
				"north": {"uv": [0.88889, 8, 1.42222, 8.53333], "texture": "#0"},
				"east": {"uv": [0.88889, 8, 1.42222, 8.53333], "texture": "#0"},
				"south": {"uv": [0.88889, 8, 1.42222, 8.53333], "texture": "#0"},
				"west": {"uv": [0.88889, 8, 1.42222, 8.53333], "texture": "#0"},
				"up": {"uv": [0.88889, 8, 1.42222, 8.53333], "texture": "#0"},
				"down": {"uv": [0.88889, 8, 1.42222, 8.53333], "texture": "#0"}
			}
		},
		{
			"name": "copper holders thin",
			"from": [13.95, 0.35, 3.7],
			"to": [14.55, 0.65, 5.3],
			"faces": {
				"north": {"uv": [0.88889, 8, 1.42222, 9.42222], "texture": "#0"},
				"east": {"uv": [0.88889, 8, 1.42222, 9.42222], "texture": "#0"},
				"south": {"uv": [0.88889, 8, 1.42222, 9.42222], "texture": "#0"},
				"west": {"uv": [0.88889, 8, 1.42222, 9.42222], "texture": "#0"},
				"up": {"uv": [0.88889, 8, 1.42222, 9.42222], "texture": "#0"},
				"down": {"uv": [0.88889, 8, 1.42222, 9.42222], "texture": "#0"}
			}
		},
		{
			"name": "copper holders thin",
			"from": [7.7, 0.35, 4.45],
			"to": [8.3, 0.65, 5.05],
			"faces": {
				"north": {"uv": [0.88889, 8, 1.42222, 8.53333], "texture": "#0"},
				"east": {"uv": [0.88889, 8, 1.42222, 8.53333], "texture": "#0"},
				"south": {"uv": [0.88889, 8, 1.42222, 8.53333], "texture": "#0"},
				"west": {"uv": [0.88889, 8, 1.42222, 8.53333], "texture": "#0"},
				"up": {"uv": [0.88889, 8, 1.42222, 8.53333], "texture": "#0"},
				"down": {"uv": [0.88889, 8, 1.42222, 8.53333], "texture": "#0"}
			}
		},
		{
			"name": "copper holders thin",
			"from": [8.7, 0.35, 3.45],
			"to": [9.3, 0.65, 4.05],
			"faces": {
				"north": {"uv": [0.88889, 8, 1.42222, 8.53333], "texture": "#0"},
				"east": {"uv": [0.88889, 8, 1.42222, 8.53333], "texture": "#0"},
				"south": {"uv": [0.88889, 8, 1.42222, 8.53333], "texture": "#0"},
				"west": {"uv": [0.88889, 8, 1.42222, 8.53333], "texture": "#0"},
				"up": {"uv": [0.88889, 8, 1.42222, 8.53333], "texture": "#0"},
				"down": {"uv": [0.88889, 8, 1.42222, 8.53333], "texture": "#0"}
			}
		},
		{
			"name": "copper holders thin",
			"from": [9.7, 0.35, 2.45],
			"to": [10.3, 0.65, 3.05],
			"faces": {
				"north": {"uv": [0.88889, 8, 1.42222, 8.53333], "texture": "#0"},
				"east": {"uv": [0.88889, 8, 1.42222, 8.53333], "texture": "#0"},
				"south": {"uv": [0.88889, 8, 1.42222, 8.53333], "texture": "#0"},
				"west": {"uv": [0.88889, 8, 1.42222, 8.53333], "texture": "#0"},
				"up": {"uv": [0.88889, 8, 1.42222, 8.53333], "texture": "#0"},
				"down": {"uv": [0.88889, 8, 1.42222, 8.53333], "texture": "#0"}
			}
		},
		{
			"name": "copper holders thin",
			"from": [10.7, 0.35, 1.45],
			"to": [12.3, 0.65, 2.05],
			"faces": {
				"north": {"uv": [0.88889, 8, 2.31111, 8.53333], "texture": "#0"},
				"east": {"uv": [0.88889, 8, 2.31111, 8.53333], "texture": "#0"},
				"south": {"uv": [0.88889, 8, 2.31111, 8.53333], "texture": "#0"},
				"west": {"uv": [0.88889, 8, 2.31111, 8.53333], "texture": "#0"},
				"up": {"uv": [0.88889, 8, 2.31111, 8.53333], "texture": "#0"},
				"down": {"uv": [0.88889, 8, 2.31111, 8.53333], "texture": "#0"}
			}
		},
		{
			"name": "copper holders thin",
			"from": [10.2, 0.35, 1.95],
			"to": [10.8, 0.65, 2.55],
			"faces": {
				"north": {"uv": [0.88889, 8, 1.42222, 8.53333], "texture": "#0"},
				"east": {"uv": [0.88889, 8, 1.42222, 8.53333], "texture": "#0"},
				"south": {"uv": [0.88889, 8, 1.42222, 8.53333], "texture": "#0"},
				"west": {"uv": [0.88889, 8, 1.42222, 8.53333], "texture": "#0"},
				"up": {"uv": [0.88889, 8, 1.42222, 8.53333], "texture": "#0"},
				"down": {"uv": [0.88889, 8, 1.42222, 8.53333], "texture": "#0"}
			}
		},
		{
			"name": "copper holders thin",
			"from": [13.45, 0.35, 5.2],
			"to": [14.05, 0.65, 5.8],
			"faces": {
				"north": {"uv": [0.88889, 8, 1.42222, 8.53333], "texture": "#0"},
				"east": {"uv": [0.88889, 8, 1.42222, 8.53333], "texture": "#0"},
				"south": {"uv": [0.88889, 8, 1.42222, 8.53333], "texture": "#0"},
				"west": {"uv": [0.88889, 8, 1.42222, 8.53333], "texture": "#0"},
				"up": {"uv": [0.88889, 8, 1.42222, 8.53333], "texture": "#0"},
				"down": {"uv": [0.88889, 8, 1.42222, 8.53333], "texture": "#0"}
			}
		},
		{
			"name": "copper holders thin",
			"from": [12.45, 0.35, 5.2],
			"to": [13.05, 0.65, 6.8],
			"faces": {
				"north": {"uv": [0.88889, 8, 1.42222, 9.42222], "texture": "#0"},
				"east": {"uv": [0.88889, 8, 1.42222, 9.42222], "texture": "#0"},
				"south": {"uv": [0.88889, 8, 1.42222, 9.42222], "texture": "#0"},
				"west": {"uv": [0.88889, 8, 1.42222, 9.42222], "texture": "#0"},
				"up": {"uv": [0.88889, 8, 1.42222, 9.42222], "texture": "#0"},
				"down": {"uv": [0.88889, 8, 1.42222, 9.42222], "texture": "#0"}
			}
		},
		{
			"name": "copper holders thin",
			"from": [11.45, 0.35, 7.2],
			"to": [12.05, 0.65, 7.8],
			"faces": {
				"north": {"uv": [0.88889, 8, 1.42222, 8.53333], "texture": "#0"},
				"east": {"uv": [0.88889, 8, 1.42222, 8.53333], "texture": "#0"},
				"south": {"uv": [0.88889, 8, 1.42222, 8.53333], "texture": "#0"},
				"west": {"uv": [0.88889, 8, 1.42222, 8.53333], "texture": "#0"},
				"up": {"uv": [0.88889, 8, 1.42222, 8.53333], "texture": "#0"},
				"down": {"uv": [0.88889, 8, 1.42222, 8.53333], "texture": "#0"}
			}
		},
		{
			"name": "copper holders thin",
			"from": [9.2, 0.35, 2.95],
			"to": [10.8, 0.65, 3.55],
			"faces": {
				"north": {"uv": [0.88889, 8, 2.31111, 8.53333], "texture": "#0"},
				"east": {"uv": [0.88889, 8, 2.31111, 8.53333], "texture": "#0"},
				"south": {"uv": [0.88889, 8, 2.31111, 8.53333], "texture": "#0"},
				"west": {"uv": [0.88889, 8, 2.31111, 8.53333], "texture": "#0"},
				"up": {"uv": [0.88889, 8, 2.31111, 8.53333], "texture": "#0"},
				"down": {"uv": [0.88889, 8, 2.31111, 8.53333], "texture": "#0"}
			}
		},
		{
			"name": "copper holders thin",
			"from": [8.2, 0.35, 3.95],
			"to": [8.8, 0.65, 4.55],
			"faces": {
				"north": {"uv": [0.88889, 8, 1.42222, 8.53333], "texture": "#0"},
				"east": {"uv": [0.88889, 8, 1.42222, 8.53333], "texture": "#0"},
				"south": {"uv": [0.88889, 8, 1.42222, 8.53333], "texture": "#0"},
				"west": {"uv": [0.88889, 8, 1.42222, 8.53333], "texture": "#0"},
				"up": {"uv": [0.88889, 8, 1.42222, 8.53333], "texture": "#0"},
				"down": {"uv": [0.88889, 8, 1.42222, 8.53333], "texture": "#0"}
			}
		}
	],
	"display": {
		"thirdperson_righthand": {
			"rotation": [45, 0, 90],
			"translation": [-7.5, -1, 0]
		},
		"thirdperson_lefthand": {
			"rotation": [-135, 0, -90],
			"translation": [7.5, -2.75, -0.25]
		},
		"firstperson_righthand": {
			"rotation": [15, 0, 90],
			"translation": [-3, 1, 0]
		},
		"firstperson_lefthand": {
			"rotation": [-165, 0, -90],
			"translation": [9.5, -0.5, 0.5]
		},
		"ground": {
			"rotation": [0, 0, 90],
			"translation": [-3, 2.5, -0.2],
			"scale": [0.4, 0.4, 0.4]
		},
		"gui": {
			"rotation": [90, 0, 0]
		},
		"fixed": {
			"rotation": [90, 0, -180],
			"translation": [0, 0, -7.5]
		}
	},
	"groups": [
		{
			"name": "conduit",
			"origin": [0, 0, 0],
			"color": 0,
			"children": [0, 1, 2, 3, 4, 5, 6, 7, 8, 9, 10, 11, 12, 13, 14, 15, 16, 17, 18, 19, 20, 21, 22, 23, 24, 25, 26, 27, 28, 29, 30]
		},
		{
			"name": "amethyst",
			"origin": [0, 0, 0],
			"color": 0,
			"children": [31, 32, 33, 34, 35, 36, 37, 38, 39, 40, 41, 42, 43, 44, 45, 46, 47, 48, 49]
		},
		{
			"name": "diamond holders",
			"origin": [0, 0, 0],
			"color": 0,
			"children": [50, 51, 52, 53, 54, 55, 56, 57, 58, 59, 60]
		},
		{
			"name": "copper",
			"origin": [0, 0, 0],
			"color": 0,
			"children": [61, 62, 63, 64, 65, 66, 67, 68, 69, 70, 71, 72, 73, 74, 75, 76, 77, 78, 79, 80, 81, 82, 83, 84, 85, 86, 87, 88, 89, 90, 91, 92, 93, 94, 95, 96, 97, 98, 99, 100, 101]
		}
	]
}