{
	"credit": "Made with Blockbench",
	"texture_size": [32, 32],
	"textures": {
		"1": "extravanilla:item/extinguir"
	},
	"elements": [
		{
			"name": "guard outline",
			"from": [5, -0.15, 10],
			"to": [6, 1.15, 11],
			"rotation": {"angle": 0, "axis": "y", "origin": [8.53496, 0.5, 7.46359]},
			"faces": {
				"north": {"uv": [6.5, 7, 6, 6.5], "texture": "#1"},
				"east": {"uv": [6.5, 7, 6, 6.5], "texture": "#1"},
				"south": {"uv": [6.5, 7, 6, 6.5], "texture": "#1"},
				"west": {"uv": [6.5, 7, 6, 6.5], "texture": "#1"},
				"up": {"uv": [6.5, 7, 6, 6.5], "texture": "#1"},
				"down": {"uv": [6.5, 7, 6, 6.5], "texture": "#1"}
			}
		},
		{
			"name": "guard outline",
			"from": [6, -0.15, 11],
			"to": [7, 1.15, 12.5],
			"rotation": {"angle": 0, "axis": "y", "origin": [8.53496, 0.5, 7.46359]},
			"faces": {
				"north": {"uv": [5.7, 3.75, 5.2, 3.25], "texture": "#1"},
				"east": {"uv": [5.7, 3.75, 5.2, 3.25], "texture": "#1"},
				"south": {"uv": [5.7, 3.75, 5.2, 3.25], "texture": "#1"},
				"west": {"uv": [5.7, 3.75, 5.2, 3.25], "texture": "#1"},
				"up": {"uv": [5.7, 3.75, 5.2, 3.25], "texture": "#1"},
				"down": {"uv": [5.7, 3.75, 5.2, 3.25], "texture": "#1"}
			}
		},
		{
			"name": "guard outline",
			"from": [7, -0.15, 12],
			"to": [8, 1.15, 13.5],
			"rotation": {"angle": 0, "axis": "y", "origin": [8.53496, 0.5, 7.46359]},
			"faces": {
				"north": {"uv": [5.7, 3.75, 5.2, 3.25], "texture": "#1"},
				"east": {"uv": [5.7, 3.75, 5.2, 3.25], "texture": "#1"},
				"south": {"uv": [5.7, 3.75, 5.2, 3.25], "texture": "#1"},
				"west": {"uv": [5.7, 3.75, 5.2, 3.25], "texture": "#1"},
				"up": {"uv": [5.7, 3.75, 5.2, 3.25], "texture": "#1"},
				"down": {"uv": [5.7, 3.75, 5.2, 3.25], "texture": "#1"}
			}
		},
		{
			"name": "guard outline",
			"from": [8, -0.15, 13],
			"to": [9, 1.15, 15],
			"rotation": {"angle": 0, "axis": "y", "origin": [8.53496, 0.5, 7.46359]},
			"faces": {
				"north": {"uv": [5.7, 3.75, 5.2, 3.25], "texture": "#1"},
				"east": {"uv": [5.7, 3.75, 5.2, 3.25], "texture": "#1"},
				"south": {"uv": [5.7, 3.75, 5.2, 3.25], "texture": "#1"},
				"west": {"uv": [5.7, 3.75, 5.2, 3.25], "texture": "#1"},
				"up": {"uv": [5.7, 3.75, 5.2, 3.25], "texture": "#1"},
				"down": {"uv": [5.7, 3.75, 5.2, 3.25], "texture": "#1"}
			}
		},
		{
			"name": "guard outline",
			"from": [3.5, -0.15, 9],
			"to": [5, 1.15, 10],
			"rotation": {"angle": 0, "axis": "y", "origin": [8.53496, 0.5, 7.46359]},
			"faces": {
				"north": {"uv": [6, 6.5, 5.5, 6], "texture": "#1"},
				"east": {"uv": [6, 6.5, 5.5, 6], "texture": "#1"},
				"south": {"uv": [6, 6.5, 5.5, 6], "texture": "#1"},
				"west": {"uv": [6, 6.5, 5.5, 6], "texture": "#1"},
				"up": {"uv": [6, 6.5, 5.5, 6], "texture": "#1"},
				"down": {"uv": [6, 6.5, 5.5, 6], "texture": "#1"}
			}
		},
		{
			"name": "guard outline",
			"from": [2.5, -0.15, 8],
			"to": [4, 1.15, 9],
			"rotation": {"angle": 0, "axis": "y", "origin": [8.53496, 0.5, 7.46359]},
			"faces": {
				"north": {"uv": [6, 6.5, 5.5, 6], "texture": "#1"},
				"east": {"uv": [6, 6.5, 5.5, 6], "texture": "#1"},
				"south": {"uv": [6, 6.5, 5.5, 6], "texture": "#1"},
				"west": {"uv": [6, 6.5, 5.5, 6], "texture": "#1"},
				"up": {"uv": [6, 6.5, 5.5, 6], "texture": "#1"},
				"down": {"uv": [6, 6.5, 5.5, 6], "texture": "#1"}
			}
		},
		{
			"name": "guard outline",
			"from": [1, -0.15, 7],
			"to": [3, 1.15, 8],
			"rotation": {"angle": 0, "axis": "y", "origin": [8.53496, 0.5, 7.46359]},
			"faces": {
				"north": {"uv": [6, 6.5, 5.5, 6], "texture": "#1"},
				"east": {"uv": [6, 6.5, 5.5, 6], "texture": "#1"},
				"south": {"uv": [6, 6.5, 5.5, 6], "texture": "#1"},
				"west": {"uv": [6, 6.5, 5.5, 6], "texture": "#1"},
				"up": {"uv": [6, 6.5, 5.5, 6], "texture": "#1"},
				"down": {"uv": [6, 6.5, 5.5, 6], "texture": "#1"}
			}
		},
		{
			"name": "guard outline",
			"from": [8, -0.15, 10],
			"to": [9, 1.15, 11],
			"rotation": {"angle": 0, "axis": "y", "origin": [8.53496, 0.5, 7.46359]},
			"faces": {
				"north": {"uv": [5.7, 3.75, 5.2, 3.25], "texture": "#1"},
				"east": {"uv": [5.7, 3.75, 5.2, 3.25], "texture": "#1"},
				"south": {"uv": [5.7, 3.75, 5.2, 3.25], "texture": "#1"},
				"west": {"uv": [5.7, 3.75, 5.2, 3.25], "texture": "#1"},
				"up": {"uv": [5.7, 3.75, 5.2, 3.25], "texture": "#1"},
				"down": {"uv": [5.7, 3.75, 5.2, 3.25], "texture": "#1"}
			}
		},
		{
			"name": "guard outline",
			"from": [5, -0.15, 7],
			"to": [6, 1.15, 8],
			"rotation": {"angle": 0, "axis": "y", "origin": [8.53496, 0.5, 7.46359]},
			"faces": {
				"north": {"uv": [6, 6, 5.5, 5.5], "texture": "#1"},
				"east": {"uv": [6, 6, 5.5, 5.5], "texture": "#1"},
				"south": {"uv": [6, 6, 5.5, 5.5], "texture": "#1"},
				"west": {"uv": [6, 6, 5.5, 5.5], "texture": "#1"},
				"up": {"uv": [6, 6, 5.5, 5.5], "texture": "#1"},
				"down": {"uv": [6, 6, 5.5, 5.5], "texture": "#1"}
			}
		},
		{
			"name": "guard outline",
			"from": [6, -0.15, 8],
			"to": [7, 1.15, 9],
			"rotation": {"angle": 0, "axis": "y", "origin": [8.53496, 0.5, 7.46359]},
			"faces": {
				"north": {"uv": [6, 6.5, 5.5, 6], "texture": "#1"},
				"east": {"uv": [6, 6.5, 5.5, 6], "texture": "#1"},
				"south": {"uv": [6, 6.5, 5.5, 6], "texture": "#1"},
				"west": {"uv": [6, 6.5, 5.5, 6], "texture": "#1"},
				"up": {"uv": [6, 6.5, 5.5, 6], "texture": "#1"},
				"down": {"uv": [6, 6.5, 5.5, 6], "texture": "#1"}
			}
		},
		{
			"name": "guard outline",
			"from": [7, -0.15, 9],
			"to": [8, 1.15, 10],
			"rotation": {"angle": 0, "axis": "y", "origin": [8.53496, 0.5, 7.46359]},
			"faces": {
				"north": {"uv": [6.05, 6.45, 5.55, 5.95], "texture": "#1"},
				"east": {"uv": [6.05, 6.45, 5.55, 5.95], "texture": "#1"},
				"south": {"uv": [6.05, 6.45, 5.55, 5.95], "texture": "#1"},
				"west": {"uv": [6.05, 6.45, 5.55, 5.95], "texture": "#1"},
				"up": {"uv": [6.05, 6.45, 5.55, 5.95], "texture": "#1"},
				"down": {"uv": [6.05, 6.45, 5.55, 5.95], "texture": "#1"}
			}
		},
		{
			"name": "guard outline",
			"from": [7, -0.15, 8],
			"to": [8, 1.15, 9],
			"rotation": {"angle": 0, "axis": "y", "origin": [8.53496, 0.5, 7.46359]},
			"faces": {
				"north": {"uv": [6, 4, 5.5, 3.5], "texture": "#1"},
				"east": {"uv": [6, 4, 5.5, 3.5], "texture": "#1"},
				"south": {"uv": [6, 4, 5.5, 3.5], "texture": "#1"},
				"west": {"uv": [6, 4, 5.5, 3.5], "texture": "#1"},
				"up": {"uv": [6, 4, 5.5, 3.5], "texture": "#1"},
				"down": {"uv": [6, 4, 5.5, 3.5], "texture": "#1"}
			}
		},
		{
			"name": "guard outline",
			"from": [8, -0.15, 11],
			"to": [9.5, 1.15, 12],
			"rotation": {"angle": 0, "axis": "y", "origin": [8.53496, 0.5, 7.46359]},
			"faces": {
				"north": {"uv": [5.7, 3.75, 5.2, 3.25], "texture": "#1"},
				"east": {"uv": [5.7, 3.75, 5.2, 3.25], "texture": "#1"},
				"south": {"uv": [5.7, 3.75, 5.2, 3.25], "texture": "#1"},
				"west": {"uv": [5.7, 3.75, 5.2, 3.25], "texture": "#1"},
				"up": {"uv": [5.7, 3.75, 5.2, 3.25], "texture": "#1"},
				"down": {"uv": [5.7, 3.75, 5.2, 3.25], "texture": "#1"}
			}
		},
		{
			"name": "guard outline",
			"from": [9, -0.15, 12],
			"to": [10, 1.15, 13],
			"rotation": {"angle": 0, "axis": "y", "origin": [8.53496, 0.5, 7.46359]},
			"faces": {
				"north": {"uv": [5.7, 3.75, 5.2, 3.25], "texture": "#1"},
				"east": {"uv": [5.7, 3.75, 5.2, 3.25], "texture": "#1"},
				"south": {"uv": [5.7, 3.75, 5.2, 3.25], "texture": "#1"},
				"west": {"uv": [5.7, 3.75, 5.2, 3.25], "texture": "#1"},
				"up": {"uv": [5.7, 3.75, 5.2, 3.25], "texture": "#1"},
				"down": {"uv": [5.7, 3.75, 5.2, 3.25], "texture": "#1"}
			}
		},
		{
			"name": "guard outline",
			"from": [4, -0.15, 6.5],
			"to": [5, 1.15, 8],
			"rotation": {"angle": 0, "axis": "y", "origin": [8.53496, 0.5, 7.46359]},
			"faces": {
				"north": {"uv": [6, 7, 5.5, 6.5], "texture": "#1"},
				"east": {"uv": [6, 7, 5.5, 6.5], "texture": "#1"},
				"south": {"uv": [6, 7, 5.5, 6.5], "texture": "#1"},
				"west": {"uv": [6, 7, 5.5, 6.5], "texture": "#1"},
				"up": {"uv": [6, 7, 5.5, 6.5], "texture": "#1"},
				"down": {"uv": [6, 7, 5.5, 6.5], "texture": "#1"}
			}
		},
		{
			"name": "guard outline",
			"from": [3, -0.15, 6],
			"to": [4, 1.15, 7],
			"rotation": {"angle": 0, "axis": "y", "origin": [8.53496, 0.5, 7.46359]},
			"faces": {
				"north": {"uv": [6, 7, 5.5, 6.5], "texture": "#1"},
				"east": {"uv": [6, 7, 5.5, 6.5], "texture": "#1"},
				"south": {"uv": [6, 7, 5.5, 6.5], "texture": "#1"},
				"west": {"uv": [6, 7, 5.5, 6.5], "texture": "#1"},
				"up": {"uv": [6, 7, 5.5, 6.5], "texture": "#1"},
				"down": {"uv": [6, 7, 5.5, 6.5], "texture": "#1"}
			}
		},
		{
			"name": "guard fill",
			"from": [5, -0.15, 9],
			"to": [6, 1.15, 10],
			"rotation": {"angle": 0, "axis": "y", "origin": [8.53496, 0.5, 7.46359]},
			"faces": {
				"north": {"uv": [6.2, 11.75, 5.7, 11.25], "texture": "#1"},
				"east": {"uv": [6.2, 11.75, 5.7, 11.25], "texture": "#1"},
				"south": {"uv": [6.2, 11.75, 5.7, 11.25], "texture": "#1"},
				"west": {"uv": [6.2, 11.75, 5.7, 11.25], "texture": "#1"},
				"up": {"uv": [6.2, 11.75, 5.7, 11.25], "texture": "#1"},
				"down": {"uv": [6.2, 11.75, 5.7, 11.25], "texture": "#1"}
			}
		},
		{
			"name": "guard fill",
			"from": [7, -0.15, 11],
			"to": [8, 1.15, 12],
			"rotation": {"angle": 0, "axis": "y", "origin": [8.53496, 0.5, 7.46359]},
			"faces": {
				"north": {"uv": [6.2, 8.75, 5.7, 8.25], "texture": "#1"},
				"east": {"uv": [6.2, 8.75, 5.7, 8.25], "texture": "#1"},
				"south": {"uv": [6.2, 8.75, 5.7, 8.25], "texture": "#1"},
				"west": {"uv": [6.2, 8.75, 5.7, 8.25], "texture": "#1"},
				"up": {"uv": [6.2, 8.75, 5.7, 8.25], "texture": "#1"},
				"down": {"uv": [6.2, 8.75, 5.7, 8.25], "texture": "#1"}
			}
		},
		{
			"name": "guard fill",
			"from": [7, -0.15, 10],
			"to": [8, 1.15, 11],
			"rotation": {"angle": 0, "axis": "y", "origin": [8.53496, 0.5, 7.46359]},
			"faces": {
				"north": {"uv": [6.2, 8.75, 5.7, 8.25], "texture": "#1"},
				"east": {"uv": [6.2, 8.75, 5.7, 8.25], "texture": "#1"},
				"south": {"uv": [6.2, 8.75, 5.7, 8.25], "texture": "#1"},
				"west": {"uv": [6.2, 8.75, 5.7, 8.25], "texture": "#1"},
				"up": {"uv": [6.2, 8.75, 5.7, 8.25], "texture": "#1"},
				"down": {"uv": [6.2, 8.75, 5.7, 8.25], "texture": "#1"}
			}
		},
		{
			"name": "guard fill",
			"from": [8, -0.15, 12],
			"to": [9, 1.15, 13],
			"rotation": {"angle": 0, "axis": "y", "origin": [8.53496, 0.5, 7.46359]},
			"faces": {
				"north": {"uv": [6.2, 8.75, 5.7, 8.25], "texture": "#1"},
				"east": {"uv": [6.2, 8.75, 5.7, 8.25], "texture": "#1"},
				"south": {"uv": [6.2, 8.75, 5.7, 8.25], "texture": "#1"},
				"west": {"uv": [6.2, 8.75, 5.7, 8.25], "texture": "#1"},
				"up": {"uv": [6.2, 8.75, 5.7, 8.25], "texture": "#1"},
				"down": {"uv": [6.2, 8.75, 5.7, 8.25], "texture": "#1"}
			}
		},
		{
			"name": "guard fill",
			"from": [9, -0.15, 13],
			"to": [10, 1.15, 14.5],
			"rotation": {"angle": 0, "axis": "y", "origin": [8.53496, 0.5, 7.46359]},
			"faces": {
				"north": {"uv": [6.2, 8.75, 5.7, 8.25], "texture": "#1"},
				"east": {"uv": [6.2, 8.75, 5.7, 8.25], "texture": "#1"},
				"south": {"uv": [6.2, 8.75, 5.7, 8.25], "texture": "#1"},
				"west": {"uv": [6.2, 8.75, 5.7, 8.25], "texture": "#1"},
				"up": {"uv": [6.2, 8.75, 5.7, 8.25], "texture": "#1"},
				"down": {"uv": [6.2, 8.75, 5.7, 8.25], "texture": "#1"}
			}
		},
		{
			"name": "guard fill",
			"from": [4, -0.15, 8],
			"to": [5, 1.15, 9],
			"rotation": {"angle": 0, "axis": "y", "origin": [8.53496, 0.5, 7.46359]},
			"faces": {
				"north": {"uv": [6.2, 11.25, 5.7, 10.75], "texture": "#1"},
				"east": {"uv": [6.2, 11.25, 5.7, 10.75], "texture": "#1"},
				"south": {"uv": [6.2, 11.25, 5.7, 10.75], "texture": "#1"},
				"west": {"uv": [6.2, 11.25, 5.7, 10.75], "texture": "#1"},
				"up": {"uv": [6.2, 11.25, 5.7, 10.75], "texture": "#1"},
				"down": {"uv": [6.2, 11.25, 5.7, 10.75], "texture": "#1"}
			}
		},
		{
			"name": "guard fill",
			"from": [5, -0.15, 8],
			"to": [6, 1.15, 9],
			"rotation": {"angle": 0, "axis": "y", "origin": [8.53496, 0.5, 7.46359]},
			"faces": {
				"north": {"uv": [6.2, 11.25, 5.7, 10.75], "texture": "#1"},
				"east": {"uv": [6.2, 11.25, 5.7, 10.75], "texture": "#1"},
				"south": {"uv": [6.2, 11.25, 5.7, 10.75], "texture": "#1"},
				"west": {"uv": [6.2, 11.25, 5.7, 10.75], "texture": "#1"},
				"up": {"uv": [6.2, 11.25, 5.7, 10.75], "texture": "#1"},
				"down": {"uv": [6.2, 11.25, 5.7, 10.75], "texture": "#1"}
			}
		},
		{
			"name": "guard fill",
			"from": [6, -0.15, 9],
			"to": [7, 1.15, 10],
			"rotation": {"angle": 0, "axis": "y", "origin": [8.53496, 0.5, 7.46359]},
			"faces": {
				"north": {"uv": [6.2, 11.75, 5.7, 11.25], "texture": "#1"},
				"east": {"uv": [6.2, 11.75, 5.7, 11.25], "texture": "#1"},
				"south": {"uv": [6.2, 11.75, 5.7, 11.25], "texture": "#1"},
				"west": {"uv": [6.2, 11.75, 5.7, 11.25], "texture": "#1"},
				"up": {"uv": [6.2, 11.75, 5.7, 11.25], "texture": "#1"},
				"down": {"uv": [6.2, 11.75, 5.7, 11.25], "texture": "#1"}
			}
		},
		{
			"name": "guard fill",
			"from": [6, -0.15, 10],
			"to": [7, 1.15, 11],
			"rotation": {"angle": 0, "axis": "y", "origin": [8.53496, 0.5, 7.46359]},
			"faces": {
				"north": {"uv": [6.2, 9.25, 5.7, 8.75], "texture": "#1"},
				"east": {"uv": [6.2, 9.25, 5.7, 8.75], "texture": "#1"},
				"south": {"uv": [6.2, 9.25, 5.7, 8.75], "texture": "#1"},
				"west": {"uv": [6.2, 9.25, 5.7, 8.75], "texture": "#1"},
				"up": {"uv": [6.2, 9.25, 5.7, 8.75], "texture": "#1"},
				"down": {"uv": [6.2, 9.25, 5.7, 8.75], "texture": "#1"}
			}
		},
		{
			"name": "guard fill",
			"from": [3, -0.15, 7],
			"to": [4, 1.15, 8],
			"rotation": {"angle": 0, "axis": "y", "origin": [8.53496, 0.5, 7.46359]},
			"faces": {
				"north": {"uv": [6.2, 11.25, 5.7, 10.75], "texture": "#1"},
				"east": {"uv": [6.2, 11.25, 5.7, 10.75], "texture": "#1"},
				"south": {"uv": [6.2, 11.25, 5.7, 10.75], "texture": "#1"},
				"west": {"uv": [6.2, 11.25, 5.7, 10.75], "texture": "#1"},
				"up": {"uv": [6.2, 11.25, 5.7, 10.75], "texture": "#1"},
				"down": {"uv": [6.2, 11.25, 5.7, 10.75], "texture": "#1"}
			}
		},
		{
			"name": "guard fill",
			"from": [1.5, -0.15, 6],
			"to": [3, 1.15, 7],
			"rotation": {"angle": 0, "axis": "y", "origin": [8.53496, 0.5, 7.46359]},
			"faces": {
				"north": {"uv": [6.2, 11.75, 5.7, 11.25], "texture": "#1"},
				"east": {"uv": [6.2, 11.75, 5.7, 11.25], "texture": "#1"},
				"south": {"uv": [6.2, 11.75, 5.7, 11.25], "texture": "#1"},
				"west": {"uv": [6.2, 11.75, 5.7, 11.25], "texture": "#1"},
				"up": {"uv": [6.2, 11.75, 5.7, 11.25], "texture": "#1"},
				"down": {"uv": [6.2, 11.75, 5.7, 11.25], "texture": "#1"}
			}
		},
		{
			"name": "handle fill",
			"from": [4, 0, 11],
			"to": [5, 1, 12],
			"rotation": {"angle": 0, "axis": "y", "origin": [8.53496, 0.5, 7.46359]},
			"faces": {
				"north": {"uv": [6.2, 11.25, 5.7, 10.75], "texture": "#1"},
				"east": {"uv": [6.2, 11.25, 5.7, 10.75], "texture": "#1"},
				"south": {"uv": [6.2, 11.25, 5.7, 10.75], "texture": "#1"},
				"west": {"uv": [6.2, 11.25, 5.7, 10.75], "texture": "#1"},
				"up": {"uv": [6.2, 11.25, 5.7, 10.75], "texture": "#1"},
				"down": {"uv": [6.2, 11.25, 5.7, 10.75], "texture": "#1"}
			}
		},
		{
			"name": "handle fill",
			"from": [3, 0, 12],
			"to": [4, 1, 13],
			"rotation": {"angle": 0, "axis": "y", "origin": [8.53496, 0.5, 7.46359]},
			"faces": {
				"north": {"uv": [6.2, 11.25, 5.7, 10.75], "texture": "#1"},
				"east": {"uv": [6.2, 11.25, 5.7, 10.75], "texture": "#1"},
				"south": {"uv": [6.2, 11.25, 5.7, 10.75], "texture": "#1"},
				"west": {"uv": [6.2, 11.25, 5.7, 10.75], "texture": "#1"},
				"up": {"uv": [6.2, 11.25, 5.7, 10.75], "texture": "#1"},
				"down": {"uv": [6.2, 11.25, 5.7, 10.75], "texture": "#1"}
			}
		},
		{
			"name": "handle fill",
			"from": [2, 0, 13],
			"to": [3, 1, 14],
			"rotation": {"angle": 0, "axis": "y", "origin": [8.53496, 0.5, 7.46359]},
			"faces": {
				"north": {"uv": [5.7, 11.25, 5.2, 10.75], "texture": "#1"},
				"east": {"uv": [5.7, 11.25, 5.2, 10.75], "texture": "#1"},
				"south": {"uv": [5.7, 11.25, 5.2, 10.75], "texture": "#1"},
				"west": {"uv": [5.7, 11.25, 5.2, 10.75], "texture": "#1"},
				"up": {"uv": [5.7, 11.25, 5.2, 10.75], "texture": "#1"},
				"down": {"uv": [5.7, 11.25, 5.2, 10.75], "texture": "#1"}
			}
		},
		{
			"name": "handle fill",
			"from": [1, 0, 14],
			"to": [2, 1, 15],
			"rotation": {"angle": 0, "axis": "y", "origin": [8.53496, 0.5, 7.46359]},
			"faces": {
				"north": {"uv": [6.2, 11.75, 5.7, 11.25], "texture": "#1"},
				"east": {"uv": [6.2, 11.75, 5.7, 11.25], "texture": "#1"},
				"south": {"uv": [6.2, 11.75, 5.7, 11.25], "texture": "#1"},
				"west": {"uv": [6.2, 11.75, 5.7, 11.25], "texture": "#1"},
				"up": {"uv": [6.2, 11.75, 5.7, 11.25], "texture": "#1"},
				"down": {"uv": [6.2, 11.75, 5.7, 11.25], "texture": "#1"}
			}
		},
		{
			"name": "handle fill",
			"from": [0, 0, 15],
			"to": [1, 1, 16],
			"rotation": {"angle": 0, "axis": "y", "origin": [8.53496, 0.5, 7.46359]},
			"faces": {
				"north": {"uv": [5.7, 11.25, 5.2, 10.75], "texture": "#1"},
				"east": {"uv": [5.7, 11.25, 5.2, 10.75], "texture": "#1"},
				"south": {"uv": [5.7, 11.25, 5.2, 10.75], "texture": "#1"},
				"west": {"uv": [5.7, 11.25, 5.2, 10.75], "texture": "#1"},
				"up": {"uv": [5.7, 11.25, 5.2, 10.75], "texture": "#1"},
				"down": {"uv": [5.7, 11.25, 5.2, 10.75], "texture": "#1"}
			}
		},
		{
			"name": "handle fill",
			"from": [-1, 0, 16],
			"to": [0, 1, 17],
			"rotation": {"angle": 0, "axis": "y", "origin": [8.53496, 0.5, 7.46359]},
			"faces": {
				"north": {"uv": [6.2, 11.25, 5.7, 10.75], "texture": "#1"},
				"east": {"uv": [6.2, 11.25, 5.7, 10.75], "texture": "#1"},
				"south": {"uv": [6.2, 11.25, 5.7, 10.75], "texture": "#1"},
				"west": {"uv": [6.2, 11.25, 5.7, 10.75], "texture": "#1"},
				"up": {"uv": [6.2, 11.25, 5.7, 10.75], "texture": "#1"},
				"down": {"uv": [6.2, 11.25, 5.7, 10.75], "texture": "#1"}
			}
		},
		{
			"name": "handle outline",
			"from": [2, 0, 12],
			"to": [3, 1, 13],
			"rotation": {"angle": 0, "axis": "y", "origin": [8.53496, 0.5, 7.46359]},
			"faces": {
				"north": {"uv": [5.7, 6.75, 5.2, 6.25], "texture": "#1"},
				"east": {"uv": [5.7, 6.75, 5.2, 6.25], "texture": "#1"},
				"south": {"uv": [5.7, 6.75, 5.2, 6.25], "texture": "#1"},
				"west": {"uv": [5.7, 6.75, 5.2, 6.25], "texture": "#1"},
				"up": {"uv": [5.7, 6.75, 5.2, 6.25], "texture": "#1"},
				"down": {"uv": [5.7, 6.75, 5.2, 6.25], "texture": "#1"}
			}
		},
		{
			"name": "handle outline",
			"from": [3, 0, 13],
			"to": [4, 1, 14],
			"rotation": {"angle": 0, "axis": "y", "origin": [8.53496, 0.5, 7.46359]},
			"faces": {
				"north": {"uv": [6.2, 3.75, 5.7, 3.25], "texture": "#1"},
				"east": {"uv": [6.2, 3.75, 5.7, 3.25], "texture": "#1"},
				"south": {"uv": [6.2, 3.75, 5.7, 3.25], "texture": "#1"},
				"west": {"uv": [6.2, 3.75, 5.7, 3.25], "texture": "#1"},
				"up": {"uv": [6.2, 3.75, 5.7, 3.25], "texture": "#1"},
				"down": {"uv": [6.2, 3.75, 5.7, 3.25], "texture": "#1"}
			}
		},
		{
			"name": "handle outline",
			"from": [4, 0, 12],
			"to": [5, 1, 13],
			"rotation": {"angle": 0, "axis": "y", "origin": [8.53496, 0.5, 7.46359]},
			"faces": {
				"north": {"uv": [6.2, 3.75, 5.7, 3.25], "texture": "#1"},
				"east": {"uv": [6.2, 3.75, 5.7, 3.25], "texture": "#1"},
				"south": {"uv": [6.2, 3.75, 5.7, 3.25], "texture": "#1"},
				"west": {"uv": [6.2, 3.75, 5.7, 3.25], "texture": "#1"},
				"up": {"uv": [6.2, 3.75, 5.7, 3.25], "texture": "#1"},
				"down": {"uv": [6.2, 3.75, 5.7, 3.25], "texture": "#1"}
			}
		},
		{
			"name": "handle outline",
			"from": [3, 0, 11],
			"to": [4, 1, 12],
			"rotation": {"angle": 0, "axis": "y", "origin": [8.53496, 0.5, 7.46359]},
			"faces": {
				"north": {"uv": [5.7, 6.75, 5.2, 6.25], "texture": "#1"},
				"east": {"uv": [5.7, 6.75, 5.2, 6.25], "texture": "#1"},
				"south": {"uv": [5.7, 6.75, 5.2, 6.25], "texture": "#1"},
				"west": {"uv": [5.7, 6.75, 5.2, 6.25], "texture": "#1"},
				"up": {"uv": [5.7, 6.75, 5.2, 6.25], "texture": "#1"},
				"down": {"uv": [5.7, 6.75, 5.2, 6.25], "texture": "#1"}
			}
		},
		{
			"name": "handle outline",
			"from": [4, 0, 10],
			"to": [5, 1, 11],
			"rotation": {"angle": 0, "axis": "y", "origin": [8.53496, 0.5, 7.46359]},
			"faces": {
				"north": {"uv": [5.7, 6.25, 5.2, 5.75], "texture": "#1"},
				"east": {"uv": [5.7, 6.25, 5.2, 5.75], "texture": "#1"},
				"south": {"uv": [5.7, 6.25, 5.2, 5.75], "texture": "#1"},
				"west": {"uv": [5.7, 6.25, 5.2, 5.75], "texture": "#1"},
				"up": {"uv": [5.7, 6.25, 5.2, 5.75], "texture": "#1"},
				"down": {"uv": [5.7, 6.25, 5.2, 5.75], "texture": "#1"}
			}
		},
		{
			"name": "handle outline",
			"from": [5, 0, 11],
			"to": [6, 1, 12],
			"rotation": {"angle": 0, "axis": "y", "origin": [8.53496, 0.5, 7.46359]},
			"faces": {
				"north": {"uv": [6.2, 3.75, 5.7, 3.25], "texture": "#1"},
				"east": {"uv": [6.2, 3.75, 5.7, 3.25], "texture": "#1"},
				"south": {"uv": [6.2, 3.75, 5.7, 3.25], "texture": "#1"},
				"west": {"uv": [6.2, 3.75, 5.7, 3.25], "texture": "#1"},
				"up": {"uv": [6.2, 3.75, 5.7, 3.25], "texture": "#1"},
				"down": {"uv": [6.2, 3.75, 5.7, 3.25], "texture": "#1"}
			}
		},
		{
			"name": "handle outline",
			"from": [2, 0, 14],
			"to": [3, 1, 15],
			"rotation": {"angle": 0, "axis": "y", "origin": [8.53496, 0.5, 7.46359]},
			"faces": {
				"north": {"uv": [6.2, 3.75, 5.7, 3.25], "texture": "#1"},
				"east": {"uv": [6.2, 3.75, 5.7, 3.25], "texture": "#1"},
				"south": {"uv": [6.2, 3.75, 5.7, 3.25], "texture": "#1"},
				"west": {"uv": [6.2, 3.75, 5.7, 3.25], "texture": "#1"},
				"up": {"uv": [6.2, 3.75, 5.7, 3.25], "texture": "#1"},
				"down": {"uv": [6.2, 3.75, 5.7, 3.25], "texture": "#1"}
			}
		},
		{
			"name": "handle outline",
			"from": [1, 0, 13],
			"to": [2, 1, 14],
			"rotation": {"angle": 0, "axis": "y", "origin": [8.53496, 0.5, 7.46359]},
			"faces": {
				"north": {"uv": [5.7, 6.75, 5.2, 6.25], "texture": "#1"},
				"east": {"uv": [5.7, 6.75, 5.2, 6.25], "texture": "#1"},
				"south": {"uv": [5.7, 6.75, 5.2, 6.25], "texture": "#1"},
				"west": {"uv": [5.7, 6.75, 5.2, 6.25], "texture": "#1"},
				"up": {"uv": [5.7, 6.75, 5.2, 6.25], "texture": "#1"},
				"down": {"uv": [5.7, 6.75, 5.2, 6.25], "texture": "#1"}
			}
		},
		{
			"name": "handle outline",
			"from": [0, 0, 14],
			"to": [1, 1, 15],
			"rotation": {"angle": 0, "axis": "y", "origin": [8.53496, 0.5, 7.46359]},
			"faces": {
				"north": {"uv": [5.7, 6.75, 5.2, 6.25], "texture": "#1"},
				"east": {"uv": [5.7, 6.75, 5.2, 6.25], "texture": "#1"},
				"south": {"uv": [5.7, 6.75, 5.2, 6.25], "texture": "#1"},
				"west": {"uv": [5.7, 6.75, 5.2, 6.25], "texture": "#1"},
				"up": {"uv": [5.7, 6.75, 5.2, 6.25], "texture": "#1"},
				"down": {"uv": [5.7, 6.75, 5.2, 6.25], "texture": "#1"}
			}
		},
		{
			"name": "handle outline",
			"from": [1, 0, 15],
			"to": [2, 1, 16],
			"rotation": {"angle": 0, "axis": "y", "origin": [8.53496, 0.5, 7.46359]},
			"faces": {
				"north": {"uv": [6.2, 3.75, 5.7, 3.25], "texture": "#1"},
				"east": {"uv": [6.2, 3.75, 5.7, 3.25], "texture": "#1"},
				"south": {"uv": [6.2, 3.75, 5.7, 3.25], "texture": "#1"},
				"west": {"uv": [6.2, 3.75, 5.7, 3.25], "texture": "#1"},
				"up": {"uv": [6.2, 3.75, 5.7, 3.25], "texture": "#1"},
				"down": {"uv": [6.2, 3.75, 5.7, 3.25], "texture": "#1"}
			}
		},
		{
			"name": "handle outline",
			"from": [-1, 0, 14],
			"to": [0, 1, 16],
			"rotation": {"angle": 0, "axis": "y", "origin": [8.53496, 0.5, 7.46359]},
			"faces": {
				"north": {"uv": [6.25, 6.75, 5.75, 5.75], "texture": "#1"},
				"east": {"uv": [6.25, 6.75, 5.75, 5.75], "texture": "#1"},
				"south": {"uv": [6.25, 6.75, 5.75, 5.75], "texture": "#1"},
				"west": {"uv": [6.25, 6.75, 5.75, 5.75], "texture": "#1"},
				"up": {"uv": [6.25, 6.75, 5.75, 5.75], "texture": "#1"},
				"down": {"uv": [6.25, 6.75, 5.75, 5.75], "texture": "#1"}
			}
		},
		{
			"name": "handle outline",
			"from": [0, 0, 16],
			"to": [2, 1, 17],
			"rotation": {"angle": 0, "axis": "y", "origin": [8.53496, 0.5, 7.46359]},
			"faces": {
				"north": {"uv": [5.7, 3.75, 4.7, 3.25], "texture": "#1"},
				"east": {"uv": [5.7, 3.75, 4.7, 3.25], "texture": "#1"},
				"south": {"uv": [5.7, 3.75, 4.7, 3.25], "texture": "#1"},
				"west": {"uv": [5.7, 3.75, 4.7, 3.25], "texture": "#1"},
				"up": {"uv": [5.7, 3.75, 4.7, 3.25], "texture": "#1"},
				"down": {"uv": [5.7, 3.75, 4.7, 3.25], "texture": "#1"}
			}
		},
		{
			"name": "handle detail",
			"from": [-1.25, 0.25, 14.25],
			"to": [1.75, 0.75, 17],
			"rotation": {"angle": 0, "axis": "y", "origin": [8.53496, 0.5, 7.46359]},
			"faces": {
				"north": {"uv": [2.5, 12, 1, 10.5], "texture": "#1"},
				"east": {"uv": [2.5, 12, 1, 10.5], "texture": "#1"},
				"south": {"uv": [2.5, 12, 1, 10.5], "texture": "#1"},
				"west": {"uv": [2.5, 12, 1, 10.5], "texture": "#1"},
				"up": {"uv": [2.5, 12, 1, 10.5], "texture": "#1"},
				"down": {"uv": [2.5, 12, 1, 10.5], "texture": "#1"}
			}
		},
		{
			"name": "handle detail",
			"from": [-1, 0.25, 14.25],
			"to": [1.75, 0.75, 17.25],
			"rotation": {"angle": 0, "axis": "y", "origin": [8.53496, 0.5, 7.46359]},
			"faces": {
				"north": {"uv": [15, 7, 13.5, 5.5], "texture": "#1"},
				"east": {"uv": [15, 7, 13.5, 5.5], "texture": "#1"},
				"south": {"uv": [15, 7, 13.5, 5.5], "texture": "#1"},
				"west": {"uv": [15, 7, 13.5, 5.5], "texture": "#1"},
				"up": {"uv": [15, 7, 13.5, 5.5], "texture": "#1"},
				"down": {"uv": [15, 7, 13.5, 5.5], "texture": "#1"}
			}
		},
		{
			"name": "sword blade",
			"from": [7, 0, 7],
			"to": [8, 1, 8],
			"rotation": {"angle": 0, "axis": "y", "origin": [8.53496, 0.5, 7.46359]},
			"faces": {
				"north": {"uv": [5.5, 1, 6, 1.5], "texture": "#1"},
				"east": {"uv": [5.5, 1, 6, 1.5], "texture": "#1"},
				"south": {"uv": [5.5, 1, 6, 1.5], "texture": "#1"},
				"west": {"uv": [5.5, 1, 6, 1.5], "texture": "#1"},
				"up": {"uv": [5.5, 1, 6, 1.5], "texture": "#1"},
				"down": {"uv": [5.5, 1, 6, 1.5], "texture": "#1"}
			}
		},
		{
			"name": "sword blade",
			"from": [6, 0, 7],
			"to": [7, 1, 8],
			"rotation": {"angle": 0, "axis": "y", "origin": [8.53496, 0.5, 7.46359]},
			"faces": {
				"north": {"uv": [5.5, 3.5, 6, 4], "texture": "#1"},
				"east": {"uv": [5.5, 3.5, 6, 4], "texture": "#1"},
				"south": {"uv": [5.5, 3.5, 6, 4], "texture": "#1"},
				"west": {"uv": [5.5, 3.5, 6, 4], "texture": "#1"},
				"up": {"uv": [5.5, 3.5, 6, 4], "texture": "#1"},
				"down": {"uv": [5.5, 3.5, 6, 4], "texture": "#1"}
			}
		},
		{
			"name": "sword blade",
			"from": [8, 0, 7],
			"to": [9, 1, 8],
			"rotation": {"angle": 0, "axis": "y", "origin": [8.53496, 0.5, 7.46359]},
			"faces": {
				"north": {"uv": [5.5, 1, 6, 1.5], "texture": "#1"},
				"east": {"uv": [5.5, 1, 6, 1.5], "texture": "#1"},
				"south": {"uv": [5.5, 1, 6, 1.5], "texture": "#1"},
				"west": {"uv": [5.5, 1, 6, 1.5], "texture": "#1"},
				"up": {"uv": [5.5, 1, 6, 1.5], "texture": "#1"},
				"down": {"uv": [5.5, 1, 6, 1.5], "texture": "#1"}
			}
		},
		{
			"name": "sword blade",
			"from": [8, 0, 8],
			"to": [9, 1, 9],
			"rotation": {"angle": 0, "axis": "y", "origin": [8.53496, 0.5, 7.46359]},
			"faces": {
				"north": {"uv": [5.5, 1, 6, 1.5], "texture": "#1"},
				"east": {"uv": [5.5, 1, 6, 1.5], "texture": "#1"},
				"south": {"uv": [5.5, 1, 6, 1.5], "texture": "#1"},
				"west": {"uv": [5.5, 1, 6, 1.5], "texture": "#1"},
				"up": {"uv": [5.5, 1, 6, 1.5], "texture": "#1"},
				"down": {"uv": [5.5, 1, 6, 1.5], "texture": "#1"}
			}
		},
		{
			"name": "sword blade",
			"from": [8, 0, 9],
			"to": [9, 1, 10],
			"rotation": {"angle": 0, "axis": "y", "origin": [8.53496, 0.5, 7.46359]},
			"faces": {
				"north": {"uv": [5.5, 3.5, 6, 4], "texture": "#1"},
				"east": {"uv": [5.5, 3.5, 6, 4], "texture": "#1"},
				"south": {"uv": [5.5, 3.5, 6, 4], "texture": "#1"},
				"west": {"uv": [5.5, 3.5, 6, 4], "texture": "#1"},
				"up": {"uv": [5.5, 3.5, 6, 4], "texture": "#1"},
				"down": {"uv": [5.5, 3.5, 6, 4], "texture": "#1"}
			}
		},
		{
			"name": "sword blade",
			"from": [7, 0, 6],
			"to": [8, 1, 7],
			"rotation": {"angle": 0, "axis": "y", "origin": [8.53496, 0.5, 7.46359]},
			"faces": {
				"north": {"uv": [2, 10.5, 2.5, 11], "texture": "#1"},
				"east": {"uv": [2, 10.5, 2.5, 11], "texture": "#1"},
				"south": {"uv": [2, 10.5, 2.5, 11], "texture": "#1"},
				"west": {"uv": [2, 10.5, 2.5, 11], "texture": "#1"},
				"up": {"uv": [2, 10.5, 2.5, 11], "texture": "#1"},
				"down": {"uv": [2, 10.5, 2.5, 11], "texture": "#1"}
			}
		},
		{
			"name": "sword blade",
			"from": [9, 0, 8],
			"to": [10, 1, 9],
			"rotation": {"angle": 0, "axis": "y", "origin": [8.53496, 0.5, 7.46359]},
			"faces": {
				"north": {"uv": [13.5, 6, 14, 6.5], "texture": "#1"},
				"east": {"uv": [13.5, 6, 14, 6.5], "texture": "#1"},
				"south": {"uv": [13.5, 6, 14, 6.5], "texture": "#1"},
				"west": {"uv": [13.5, 6, 14, 6.5], "texture": "#1"},
				"up": {"uv": [13.5, 6, 14, 6.5], "texture": "#1"},
				"down": {"uv": [13.5, 6, 14, 6.5], "texture": "#1"}
			}
		},
		{
			"name": "sword blade",
			"from": [13, 0, 4],
			"to": [14, 1, 5],
			"rotation": {"angle": 0, "axis": "y", "origin": [8.53496, 0.5, 7.46359]},
			"faces": {
				"north": {"uv": [13.5, 1, 14, 1.5], "texture": "#1"},
				"east": {"uv": [13.5, 1, 14, 1.5], "texture": "#1"},
				"south": {"uv": [13.5, 1, 14, 1.5], "texture": "#1"},
				"west": {"uv": [13.5, 1, 14, 1.5], "texture": "#1"},
				"up": {"uv": [13.5, 1, 14, 1.5], "texture": "#1"},
				"down": {"uv": [13.5, 1, 14, 1.5], "texture": "#1"}
			}
		},
		{
			"name": "sword blade",
			"from": [11, 0, 2],
			"to": [12, 1, 3],
			"rotation": {"angle": 0, "axis": "y", "origin": [8.53496, 0.5, 7.46359]},
			"faces": {
				"north": {"uv": [1.5, 6, 2, 6.5], "texture": "#1"},
				"east": {"uv": [1.5, 6, 2, 6.5], "texture": "#1"},
				"south": {"uv": [1.5, 6, 2, 6.5], "texture": "#1"},
				"west": {"uv": [1.5, 6, 2, 6.5], "texture": "#1"},
				"up": {"uv": [1.5, 6, 2, 6.5], "texture": "#1"},
				"down": {"uv": [1.5, 6, 2, 6.5], "texture": "#1"}
			}
		},
		{
			"name": "sword blade",
			"from": [12, 0, 1],
			"to": [13, 1, 2],
			"rotation": {"angle": 0, "axis": "y", "origin": [8.53496, 0.5, 7.46359]},
			"faces": {
				"north": {"uv": [2, 3.5, 2.5, 4], "texture": "#1"},
				"east": {"uv": [2, 3.5, 2.5, 4], "texture": "#1"},
				"south": {"uv": [2, 3.5, 2.5, 4], "texture": "#1"},
				"west": {"uv": [2, 3.5, 2.5, 4], "texture": "#1"},
				"up": {"uv": [2, 3.5, 2.5, 4], "texture": "#1"},
				"down": {"uv": [2, 3.5, 2.5, 4], "texture": "#1"}
			}
		},
		{
			"name": "sword blade",
			"from": [13, 0, 0],
			"to": [14, 1, 1],
			"rotation": {"angle": 0, "axis": "y", "origin": [8.53496, 0.5, 7.46359]},
			"faces": {
				"north": {"uv": [2, 1, 2.5, 1.5], "texture": "#1"},
				"east": {"uv": [2, 1, 2.5, 1.5], "texture": "#1"},
				"south": {"uv": [2, 1, 2.5, 1.5], "texture": "#1"},
				"west": {"uv": [2, 1, 2.5, 1.5], "texture": "#1"},
				"up": {"uv": [2, 1, 2.5, 1.5], "texture": "#1"},
				"down": {"uv": [2, 1, 2.5, 1.5], "texture": "#1"}
			}
		},
		{
			"name": "sword blade",
			"from": [14, 0, -1],
			"to": [15, 1, 0],
			"rotation": {"angle": 0, "axis": "y", "origin": [8.53496, 0.5, 7.46359]},
			"faces": {
				"north": {"uv": [2, 1, 2.5, 1.5], "texture": "#1"},
				"east": {"uv": [2, 1, 2.5, 1.5], "texture": "#1"},
				"south": {"uv": [2, 1, 2.5, 1.5], "texture": "#1"},
				"west": {"uv": [2, 1, 2.5, 1.5], "texture": "#1"},
				"up": {"uv": [2, 1, 2.5, 1.5], "texture": "#1"},
				"down": {"uv": [2, 1, 2.5, 1.5], "texture": "#1"}
			}
		},
		{
			"name": "sword blade",
			"from": [16, 0, -3],
			"to": [17, 1, -2],
			"rotation": {"angle": 0, "axis": "y", "origin": [8.53496, 0.5, 7.46359]},
			"faces": {
				"north": {"uv": [10, 3.5, 10.5, 4], "texture": "#1"},
				"east": {"uv": [10, 3.5, 10.5, 4], "texture": "#1"},
				"south": {"uv": [10, 3.5, 10.5, 4], "texture": "#1"},
				"west": {"uv": [10, 3.5, 10.5, 4], "texture": "#1"},
				"up": {"uv": [10, 3.5, 10.5, 4], "texture": "#1"},
				"down": {"uv": [10, 3.5, 10.5, 4], "texture": "#1"}
			}
		},
		{
			"name": "sword blade",
			"from": [15, 0, -2],
			"to": [16, 1, -1],
			"rotation": {"angle": 0, "axis": "y", "origin": [8.53496, 0.5, 7.46359]},
			"faces": {
				"north": {"uv": [9.5, 3.5, 10, 4], "texture": "#1"},
				"east": {"uv": [9.5, 3.5, 10, 4], "texture": "#1"},
				"south": {"uv": [9.5, 3.5, 10, 4], "texture": "#1"},
				"west": {"uv": [9.5, 3.5, 10, 4], "texture": "#1"},
				"up": {"uv": [9.5, 3.5, 10, 4], "texture": "#1"},
				"down": {"uv": [9.5, 3.5, 10, 4], "texture": "#1"}
			}
		},
		{
			"name": "sword blade",
			"from": [18, 0, -1],
			"to": [19, 1, 0],
			"rotation": {"angle": 0, "axis": "y", "origin": [8.53496, 0.5, 7.46359]},
			"faces": {
				"north": {"uv": [9.5, 8.5, 10, 9], "texture": "#1"},
				"east": {"uv": [9.5, 8.5, 10, 9], "texture": "#1"},
				"south": {"uv": [9.5, 8.5, 10, 9], "texture": "#1"},
				"west": {"uv": [9.5, 8.5, 10, 9], "texture": "#1"},
				"up": {"uv": [9.5, 8.5, 10, 9], "texture": "#1"},
				"down": {"uv": [9.5, 8.5, 10, 9], "texture": "#1"}
			}
		},
		{
			"name": "sword blade",
			"from": [17, 0, 0],
			"to": [18, 1, 1],
			"rotation": {"angle": 0, "axis": "y", "origin": [8.53496, 0.5, 7.46359]},
			"faces": {
				"north": {"uv": [9.5, 8.5, 10, 9], "texture": "#1"},
				"east": {"uv": [9.5, 8.5, 10, 9], "texture": "#1"},
				"south": {"uv": [9.5, 8.5, 10, 9], "texture": "#1"},
				"west": {"uv": [9.5, 8.5, 10, 9], "texture": "#1"},
				"up": {"uv": [9.5, 8.5, 10, 9], "texture": "#1"},
				"down": {"uv": [9.5, 8.5, 10, 9], "texture": "#1"}
			}
		},
		{
			"name": "sword blade",
			"from": [16, 0, 1],
			"to": [17, 1, 2],
			"rotation": {"angle": 0, "axis": "y", "origin": [8.53496, 0.5, 7.46359]},
			"faces": {
				"north": {"uv": [9.5, 11, 10, 11.5], "texture": "#1"},
				"east": {"uv": [9.5, 11, 10, 11.5], "texture": "#1"},
				"south": {"uv": [9.5, 11, 10, 11.5], "texture": "#1"},
				"west": {"uv": [9.5, 11, 10, 11.5], "texture": "#1"},
				"up": {"uv": [9.5, 11, 10, 11.5], "texture": "#1"},
				"down": {"uv": [9.5, 11, 10, 11.5], "texture": "#1"}
			}
		},
		{
			"name": "sword blade",
			"from": [15, 0, 2],
			"to": [16, 1, 3],
			"rotation": {"angle": 0, "axis": "y", "origin": [8.53496, 0.5, 7.46359]},
			"faces": {
				"north": {"uv": [9.5, 11, 10, 11.5], "texture": "#1"},
				"east": {"uv": [9.5, 11, 10, 11.5], "texture": "#1"},
				"south": {"uv": [9.5, 11, 10, 11.5], "texture": "#1"},
				"west": {"uv": [9.5, 11, 10, 11.5], "texture": "#1"},
				"up": {"uv": [9.5, 11, 10, 11.5], "texture": "#1"},
				"down": {"uv": [9.5, 11, 10, 11.5], "texture": "#1"}
			}
		},
		{
			"name": "sword blade",
			"from": [14, 0, 3],
			"to": [15, 1, 4],
			"rotation": {"angle": 0, "axis": "y", "origin": [8.53496, 0.5, 7.46359]},
			"faces": {
				"north": {"uv": [9.5, 13, 10, 13.5], "texture": "#1"},
				"east": {"uv": [9.5, 13, 10, 13.5], "texture": "#1"},
				"south": {"uv": [9.5, 13, 10, 13.5], "texture": "#1"},
				"west": {"uv": [9.5, 13, 10, 13.5], "texture": "#1"},
				"up": {"uv": [9.5, 13, 10, 13.5], "texture": "#1"},
				"down": {"uv": [9.5, 13, 10, 13.5], "texture": "#1"}
			}
		},
		{
			"name": "sword blade",
			"from": [10, 0, 7],
			"to": [11, 1, 8],
			"rotation": {"angle": 0, "axis": "y", "origin": [8.53496, 0.5, 7.46359]},
			"faces": {
				"north": {"uv": [13.5, 6, 14, 6.5], "texture": "#1"},
				"east": {"uv": [13.5, 6, 14, 6.5], "texture": "#1"},
				"south": {"uv": [13.5, 6, 14, 6.5], "texture": "#1"},
				"west": {"uv": [13.5, 6, 14, 6.5], "texture": "#1"},
				"up": {"uv": [13.5, 6, 14, 6.5], "texture": "#1"},
				"down": {"uv": [13.5, 6, 14, 6.5], "texture": "#1"}
			}
		},
		{
			"name": "sword blade",
			"from": [11, 0, 6],
			"to": [12, 1, 7],
			"rotation": {"angle": 0, "axis": "y", "origin": [8.53496, 0.5, 7.46359]},
			"faces": {
				"north": {"uv": [14, 3.5, 14.5, 4], "texture": "#1"},
				"east": {"uv": [14, 3.5, 14.5, 4], "texture": "#1"},
				"south": {"uv": [14, 3.5, 14.5, 4], "texture": "#1"},
				"west": {"uv": [14, 3.5, 14.5, 4], "texture": "#1"},
				"up": {"uv": [14, 3.5, 14.5, 4], "texture": "#1"},
				"down": {"uv": [14, 3.5, 14.5, 4], "texture": "#1"}
			}
		},
		{
			"name": "sword blade",
			"from": [12, 0, 5],
			"to": [13, 1, 6],
			"rotation": {"angle": 0, "axis": "y", "origin": [8.53496, 0.5, 7.46359]},
			"faces": {
				"north": {"uv": [13.5, 1, 14, 1.5], "texture": "#1"},
				"east": {"uv": [13.5, 1, 14, 1.5], "texture": "#1"},
				"south": {"uv": [13.5, 1, 14, 1.5], "texture": "#1"},
				"west": {"uv": [13.5, 1, 14, 1.5], "texture": "#1"},
				"up": {"uv": [13.5, 1, 14, 1.5], "texture": "#1"},
				"down": {"uv": [13.5, 1, 14, 1.5], "texture": "#1"}
			}
		},
		{
			"name": "sword blade",
			"from": [10, 0, 3],
			"to": [11, 1, 4],
			"rotation": {"angle": 0, "axis": "y", "origin": [8.53496, 0.5, 7.46359]},
			"faces": {
				"north": {"uv": [1.5, 6, 2, 6.5], "texture": "#1"},
				"east": {"uv": [1.5, 6, 2, 6.5], "texture": "#1"},
				"south": {"uv": [1.5, 6, 2, 6.5], "texture": "#1"},
				"west": {"uv": [1.5, 6, 2, 6.5], "texture": "#1"},
				"up": {"uv": [1.5, 6, 2, 6.5], "texture": "#1"},
				"down": {"uv": [1.5, 6, 2, 6.5], "texture": "#1"}
			}
		},
		{
			"name": "sword blade",
			"from": [9, 0, 4],
			"to": [10, 1, 5],
			"rotation": {"angle": 0, "axis": "y", "origin": [8.53496, 0.5, 7.46359]},
			"faces": {
				"north": {"uv": [2, 8.5, 2.5, 9], "texture": "#1"},
				"east": {"uv": [2, 8.5, 2.5, 9], "texture": "#1"},
				"south": {"uv": [2, 8.5, 2.5, 9], "texture": "#1"},
				"west": {"uv": [2, 8.5, 2.5, 9], "texture": "#1"},
				"up": {"uv": [2, 8.5, 2.5, 9], "texture": "#1"},
				"down": {"uv": [2, 8.5, 2.5, 9], "texture": "#1"}
			}
		},
		{
			"name": "sword blade",
			"from": [8, 0, 5],
			"to": [9, 1, 6],
			"rotation": {"angle": 0, "axis": "y", "origin": [8.53496, 0.5, 7.46359]},
			"faces": {
				"north": {"uv": [2, 10.5, 2.5, 11], "texture": "#1"},
				"east": {"uv": [2, 10.5, 2.5, 11], "texture": "#1"},
				"south": {"uv": [2, 10.5, 2.5, 11], "texture": "#1"},
				"west": {"uv": [2, 10.5, 2.5, 11], "texture": "#1"},
				"up": {"uv": [2, 10.5, 2.5, 11], "texture": "#1"},
				"down": {"uv": [2, 10.5, 2.5, 11], "texture": "#1"}
			}
		},
		{
			"name": "sword blade",
			"from": [6, 0, 6],
			"to": [7, 1, 7],
			"rotation": {"angle": 0, "axis": "y", "origin": [8.53496, 0.5, 7.46359]},
			"faces": {
				"north": {"uv": [2, 13, 2.5, 13.5], "texture": "#1"},
				"east": {"uv": [2, 13, 2.5, 13.5], "texture": "#1"},
				"south": {"uv": [2, 13, 2.5, 13.5], "texture": "#1"},
				"west": {"uv": [2, 13, 2.5, 13.5], "texture": "#1"},
				"up": {"uv": [2, 13, 2.5, 13.5], "texture": "#1"},
				"down": {"uv": [2, 13, 2.5, 13.5], "texture": "#1"}
			}
		},
		{
			"name": "sword blade",
			"from": [5, 0, 6],
			"to": [6, 1, 7],
			"rotation": {"angle": 0, "axis": "y", "origin": [8.53496, 0.5, 7.46359]},
			"faces": {
				"north": {"uv": [2, 13, 2.5, 13.5], "texture": "#1"},
				"east": {"uv": [2, 13, 2.5, 13.5], "texture": "#1"},
				"south": {"uv": [2, 13, 2.5, 13.5], "texture": "#1"},
				"west": {"uv": [2, 13, 2.5, 13.5], "texture": "#1"},
				"up": {"uv": [2, 13, 2.5, 13.5], "texture": "#1"},
				"down": {"uv": [2, 13, 2.5, 13.5], "texture": "#1"}
			}
		},
		{
			"name": "sword blade",
			"from": [7, 0, 5],
			"to": [8, 1, 6],
			"rotation": {"angle": 0, "axis": "y", "origin": [8.53496, 0.5, 7.46359]},
			"faces": {
				"north": {"uv": [2, 10.5, 2.5, 11], "texture": "#1"},
				"east": {"uv": [2, 10.5, 2.5, 11], "texture": "#1"},
				"south": {"uv": [2, 10.5, 2.5, 11], "texture": "#1"},
				"west": {"uv": [2, 10.5, 2.5, 11], "texture": "#1"},
				"up": {"uv": [2, 10.5, 2.5, 11], "texture": "#1"},
				"down": {"uv": [2, 10.5, 2.5, 11], "texture": "#1"}
			}
		},
		{
			"name": "sword blade",
			"from": [9, 0, 10],
			"to": [10, 1, 11],
			"rotation": {"angle": 0, "axis": "y", "origin": [8.53496, 0.5, 7.46359]},
			"faces": {
				"north": {"uv": [13.5, 8.5, 14, 9], "texture": "#1"},
				"east": {"uv": [13.5, 8.5, 14, 9], "texture": "#1"},
				"south": {"uv": [13.5, 8.5, 14, 9], "texture": "#1"},
				"west": {"uv": [13.5, 8.5, 14, 9], "texture": "#1"},
				"up": {"uv": [13.5, 8.5, 14, 9], "texture": "#1"},
				"down": {"uv": [13.5, 8.5, 14, 9], "texture": "#1"}
			}
		},
		{
			"name": "sword blade",
			"from": [9, 0, 9],
			"to": [10, 1, 10],
			"rotation": {"angle": 0, "axis": "y", "origin": [8.53496, 0.5, 7.46359]},
			"faces": {
				"north": {"uv": [13.5, 8.5, 14, 9], "texture": "#1"},
				"east": {"uv": [13.5, 8.5, 14, 9], "texture": "#1"},
				"south": {"uv": [13.5, 8.5, 14, 9], "texture": "#1"},
				"west": {"uv": [13.5, 8.5, 14, 9], "texture": "#1"},
				"up": {"uv": [13.5, 8.5, 14, 9], "texture": "#1"},
				"down": {"uv": [13.5, 8.5, 14, 9], "texture": "#1"}
			}
		},
		{
			"name": "sword blade",
			"from": [10, 0, 8],
			"to": [11, 1, 9],
			"rotation": {"angle": 0, "axis": "y", "origin": [8.53496, 0.5, 7.46359]},
			"faces": {
				"north": {"uv": [13.5, 6, 14, 6.5], "texture": "#1"},
				"east": {"uv": [13.5, 6, 14, 6.5], "texture": "#1"},
				"south": {"uv": [13.5, 6, 14, 6.5], "texture": "#1"},
				"west": {"uv": [13.5, 6, 14, 6.5], "texture": "#1"},
				"up": {"uv": [13.5, 6, 14, 6.5], "texture": "#1"},
				"down": {"uv": [13.5, 6, 14, 6.5], "texture": "#1"}
			}
		},
		{
			"name": "sword blade",
			"from": [8, 0, 6],
			"to": [9, 1, 7],
			"rotation": {"angle": 0, "axis": "y", "origin": [8.53496, 0.5, 7.46359]},
			"faces": {
				"north": {"uv": [5.5, 3.5, 6, 4], "texture": "#1"},
				"east": {"uv": [5.5, 3.5, 6, 4], "texture": "#1"},
				"south": {"uv": [5.5, 3.5, 6, 4], "texture": "#1"},
				"west": {"uv": [5.5, 3.5, 6, 4], "texture": "#1"},
				"up": {"uv": [5.5, 3.5, 6, 4], "texture": "#1"},
				"down": {"uv": [5.5, 3.5, 6, 4], "texture": "#1"}
			}
		},
		{
			"name": "sword blade",
			"from": [9, 0, 6],
			"to": [10, 1, 7],
			"rotation": {"angle": 0, "axis": "y", "origin": [8.53496, 0.5, 7.46359]},
			"faces": {
				"north": {"uv": [5.5, 3.5, 6, 4], "texture": "#1"},
				"east": {"uv": [5.5, 3.5, 6, 4], "texture": "#1"},
				"south": {"uv": [5.5, 3.5, 6, 4], "texture": "#1"},
				"west": {"uv": [5.5, 3.5, 6, 4], "texture": "#1"},
				"up": {"uv": [5.5, 3.5, 6, 4], "texture": "#1"},
				"down": {"uv": [5.5, 3.5, 6, 4], "texture": "#1"}
			}
		},
		{
			"name": "sword blade",
			"from": [9, 0, 7],
			"to": [10, 1, 8],
			"rotation": {"angle": 0, "axis": "y", "origin": [8.53496, 0.5, 7.46359]},
			"faces": {
				"north": {"uv": [5.5, 3.5, 6, 4], "texture": "#1"},
				"east": {"uv": [5.5, 3.5, 6, 4], "texture": "#1"},
				"south": {"uv": [5.5, 3.5, 6, 4], "texture": "#1"},
				"west": {"uv": [5.5, 3.5, 6, 4], "texture": "#1"},
				"up": {"uv": [5.5, 3.5, 6, 4], "texture": "#1"},
				"down": {"uv": [5.5, 3.5, 6, 4], "texture": "#1"}
			}
		},
		{
			"name": "sword blade",
			"from": [9, 0, 5],
			"to": [10, 1, 6],
			"rotation": {"angle": 0, "axis": "y", "origin": [8.53496, 0.5, 7.46359]},
			"faces": {
				"north": {"uv": [2, 8.5, 2.5, 9], "texture": "#1"},
				"east": {"uv": [2, 8.5, 2.5, 9], "texture": "#1"},
				"south": {"uv": [2, 8.5, 2.5, 9], "texture": "#1"},
				"west": {"uv": [2, 8.5, 2.5, 9], "texture": "#1"},
				"up": {"uv": [2, 8.5, 2.5, 9], "texture": "#1"},
				"down": {"uv": [2, 8.5, 2.5, 9], "texture": "#1"}
			}
		},
		{
			"name": "sword blade",
			"from": [10, 0, 5],
			"to": [11, 1, 6],
			"rotation": {"angle": 0, "axis": "y", "origin": [8.53496, 0.5, 7.46359]},
			"faces": {
				"north": {"uv": [5.5, 6, 6, 6.5], "texture": "#1"},
				"east": {"uv": [5.5, 6, 6, 6.5], "texture": "#1"},
				"south": {"uv": [5.5, 6, 6, 6.5], "texture": "#1"},
				"west": {"uv": [5.5, 6, 6, 6.5], "texture": "#1"},
				"up": {"uv": [5.5, 6, 6, 6.5], "texture": "#1"},
				"down": {"uv": [5.5, 6, 6, 6.5], "texture": "#1"}
			}
		},
		{
			"name": "sword blade",
			"from": [10, 0, 6],
			"to": [11, 1, 7],
			"rotation": {"angle": 0, "axis": "y", "origin": [8.53496, 0.5, 7.46359]},
			"faces": {
				"north": {"uv": [14, 3.5, 14.5, 4], "texture": "#1"},
				"east": {"uv": [14, 3.5, 14.5, 4], "texture": "#1"},
				"south": {"uv": [14, 3.5, 14.5, 4], "texture": "#1"},
				"west": {"uv": [14, 3.5, 14.5, 4], "texture": "#1"},
				"up": {"uv": [14, 3.5, 14.5, 4], "texture": "#1"},
				"down": {"uv": [14, 3.5, 14.5, 4], "texture": "#1"}
			}
		},
		{
			"name": "sword blade",
			"from": [10, 0, 4],
			"to": [11, 1, 5],
			"rotation": {"angle": 0, "axis": "y", "origin": [8.53496, 0.5, 7.46359]},
			"faces": {
				"north": {"uv": [2, 8.5, 2.5, 9], "texture": "#1"},
				"east": {"uv": [2, 8.5, 2.5, 9], "texture": "#1"},
				"south": {"uv": [2, 8.5, 2.5, 9], "texture": "#1"},
				"west": {"uv": [2, 8.5, 2.5, 9], "texture": "#1"},
				"up": {"uv": [2, 8.5, 2.5, 9], "texture": "#1"},
				"down": {"uv": [2, 8.5, 2.5, 9], "texture": "#1"}
			}
		},
		{
			"name": "sword blade",
			"from": [11, 0, 4],
			"to": [12, 1, 5],
			"rotation": {"angle": 0, "axis": "y", "origin": [8.53496, 0.5, 7.46359]},
			"faces": {
				"north": {"uv": [5.5, 6, 6, 6.5], "texture": "#1"},
				"east": {"uv": [5.5, 6, 6, 6.5], "texture": "#1"},
				"south": {"uv": [5.5, 6, 6, 6.5], "texture": "#1"},
				"west": {"uv": [5.5, 6, 6, 6.5], "texture": "#1"},
				"up": {"uv": [5.5, 6, 6, 6.5], "texture": "#1"},
				"down": {"uv": [5.5, 6, 6, 6.5], "texture": "#1"}
			}
		},
		{
			"name": "sword blade",
			"from": [11, 0, 5],
			"to": [12, 1, 6],
			"rotation": {"angle": 0, "axis": "y", "origin": [8.53496, 0.5, 7.46359]},
			"faces": {
				"north": {"uv": [14, 3.5, 14.5, 4], "texture": "#1"},
				"east": {"uv": [14, 3.5, 14.5, 4], "texture": "#1"},
				"south": {"uv": [14, 3.5, 14.5, 4], "texture": "#1"},
				"west": {"uv": [14, 3.5, 14.5, 4], "texture": "#1"},
				"up": {"uv": [14, 3.5, 14.5, 4], "texture": "#1"},
				"down": {"uv": [14, 3.5, 14.5, 4], "texture": "#1"}
			}
		},
		{
			"name": "sword blade",
			"from": [11, 0, 3],
			"to": [12, 1, 4],
			"rotation": {"angle": 0, "axis": "y", "origin": [8.53496, 0.5, 7.46359]},
			"faces": {
				"north": {"uv": [1.5, 6, 2, 6.5], "texture": "#1"},
				"east": {"uv": [1.5, 6, 2, 6.5], "texture": "#1"},
				"south": {"uv": [1.5, 6, 2, 6.5], "texture": "#1"},
				"west": {"uv": [1.5, 6, 2, 6.5], "texture": "#1"},
				"up": {"uv": [1.5, 6, 2, 6.5], "texture": "#1"},
				"down": {"uv": [1.5, 6, 2, 6.5], "texture": "#1"}
			}
		},
		{
			"name": "sword blade",
			"from": [12, 0, 3],
			"to": [13, 1, 4],
			"rotation": {"angle": 0, "axis": "y", "origin": [8.53496, 0.5, 7.46359]},
			"faces": {
				"north": {"uv": [5.5, 8.5, 6, 9], "texture": "#1"},
				"east": {"uv": [5.5, 8.5, 6, 9], "texture": "#1"},
				"south": {"uv": [5.5, 8.5, 6, 9], "texture": "#1"},
				"west": {"uv": [5.5, 8.5, 6, 9], "texture": "#1"},
				"up": {"uv": [5.5, 8.5, 6, 9], "texture": "#1"},
				"down": {"uv": [5.5, 8.5, 6, 9], "texture": "#1"}
			}
		},
		{
			"name": "sword blade",
			"from": [12, 0, 2],
			"to": [13, 1, 3],
			"rotation": {"angle": 0, "axis": "y", "origin": [8.53496, 0.5, 7.46359]},
			"faces": {
				"north": {"uv": [2, 3.5, 2.5, 4], "texture": "#1"},
				"east": {"uv": [2, 3.5, 2.5, 4], "texture": "#1"},
				"south": {"uv": [2, 3.5, 2.5, 4], "texture": "#1"},
				"west": {"uv": [2, 3.5, 2.5, 4], "texture": "#1"},
				"up": {"uv": [2, 3.5, 2.5, 4], "texture": "#1"},
				"down": {"uv": [2, 3.5, 2.5, 4], "texture": "#1"}
			}
		},
		{
			"name": "sword blade",
			"from": [13, 0, 2],
			"to": [14, 1, 3],
			"rotation": {"angle": 0, "axis": "y", "origin": [8.53496, 0.5, 7.46359]},
			"faces": {
				"north": {"uv": [5.5, 8.5, 6, 9], "texture": "#1"},
				"east": {"uv": [5.5, 8.5, 6, 9], "texture": "#1"},
				"south": {"uv": [5.5, 8.5, 6, 9], "texture": "#1"},
				"west": {"uv": [5.5, 8.5, 6, 9], "texture": "#1"},
				"up": {"uv": [5.5, 8.5, 6, 9], "texture": "#1"},
				"down": {"uv": [5.5, 8.5, 6, 9], "texture": "#1"}
			}
		},
		{
			"name": "sword blade",
			"from": [13, 0, 1],
			"to": [14, 1, 2],
			"rotation": {"angle": 0, "axis": "y", "origin": [8.53496, 0.5, 7.46359]},
			"faces": {
				"north": {"uv": [2, 3.5, 2.5, 4], "texture": "#1"},
				"east": {"uv": [2, 3.5, 2.5, 4], "texture": "#1"},
				"south": {"uv": [2, 3.5, 2.5, 4], "texture": "#1"},
				"west": {"uv": [2, 3.5, 2.5, 4], "texture": "#1"},
				"up": {"uv": [2, 3.5, 2.5, 4], "texture": "#1"},
				"down": {"uv": [2, 3.5, 2.5, 4], "texture": "#1"}
			}
		},
		{
			"name": "sword blade",
			"from": [14, 0, 1],
			"to": [15, 1, 2],
			"rotation": {"angle": 0, "axis": "y", "origin": [8.53496, 0.5, 7.46359]},
			"faces": {
				"north": {"uv": [5.5, 11, 6, 11.5], "texture": "#1"},
				"east": {"uv": [5.5, 11, 6, 11.5], "texture": "#1"},
				"south": {"uv": [5.5, 11, 6, 11.5], "texture": "#1"},
				"west": {"uv": [5.5, 11, 6, 11.5], "texture": "#1"},
				"up": {"uv": [5.5, 11, 6, 11.5], "texture": "#1"},
				"down": {"uv": [5.5, 11, 6, 11.5], "texture": "#1"}
			}
		},
		{
			"name": "sword blade",
			"from": [14, 0, 2],
			"to": [15, 1, 3],
			"rotation": {"angle": 0, "axis": "y", "origin": [8.53496, 0.5, 7.46359]},
			"faces": {
				"north": {"uv": [9.5, 13, 10, 13.5], "texture": "#1"},
				"east": {"uv": [9.5, 13, 10, 13.5], "texture": "#1"},
				"south": {"uv": [9.5, 13, 10, 13.5], "texture": "#1"},
				"west": {"uv": [9.5, 13, 10, 13.5], "texture": "#1"},
				"up": {"uv": [9.5, 13, 10, 13.5], "texture": "#1"},
				"down": {"uv": [9.5, 13, 10, 13.5], "texture": "#1"}
			}
		},
		{
			"name": "sword blade",
			"from": [14, 0, 0],
			"to": [15, 1, 1],
			"rotation": {"angle": 0, "axis": "y", "origin": [8.53496, 0.5, 7.46359]},
			"faces": {
				"north": {"uv": [2, 1, 2.5, 1.5], "texture": "#1"},
				"east": {"uv": [2, 1, 2.5, 1.5], "texture": "#1"},
				"south": {"uv": [2, 1, 2.5, 1.5], "texture": "#1"},
				"west": {"uv": [2, 1, 2.5, 1.5], "texture": "#1"},
				"up": {"uv": [2, 1, 2.5, 1.5], "texture": "#1"},
				"down": {"uv": [2, 1, 2.5, 1.5], "texture": "#1"}
			}
		},
		{
			"name": "sword blade",
			"from": [15, 0, 1],
			"to": [16, 1, 2],
			"rotation": {"angle": 0, "axis": "y", "origin": [8.53496, 0.5, 7.46359]},
			"faces": {
				"north": {"uv": [9.5, 11, 10, 11.5], "texture": "#1"},
				"east": {"uv": [9.5, 11, 10, 11.5], "texture": "#1"},
				"south": {"uv": [9.5, 11, 10, 11.5], "texture": "#1"},
				"west": {"uv": [9.5, 11, 10, 11.5], "texture": "#1"},
				"up": {"uv": [9.5, 11, 10, 11.5], "texture": "#1"},
				"down": {"uv": [9.5, 11, 10, 11.5], "texture": "#1"}
			}
		},
		{
			"name": "sword blade",
			"from": [15, 0, 0],
			"to": [16, 1, 1],
			"rotation": {"angle": 0, "axis": "y", "origin": [8.53496, 0.5, 7.46359]},
			"faces": {
				"north": {"uv": [5.5, 13, 6, 13.5], "texture": "#1"},
				"east": {"uv": [5.5, 13, 6, 13.5], "texture": "#1"},
				"south": {"uv": [5.5, 13, 6, 13.5], "texture": "#1"},
				"west": {"uv": [5.5, 13, 6, 13.5], "texture": "#1"},
				"up": {"uv": [5.5, 13, 6, 13.5], "texture": "#1"},
				"down": {"uv": [5.5, 13, 6, 13.5], "texture": "#1"}
			}
		},
		{
			"name": "sword blade",
			"from": [15, 0, -1],
			"to": [16, 1, 0],
			"rotation": {"angle": 0, "axis": "y", "origin": [8.53496, 0.5, 7.46359]},
			"faces": {
				"north": {"uv": [9.5, 3.5, 10, 4], "texture": "#1"},
				"east": {"uv": [9.5, 3.5, 10, 4], "texture": "#1"},
				"south": {"uv": [9.5, 3.5, 10, 4], "texture": "#1"},
				"west": {"uv": [9.5, 3.5, 10, 4], "texture": "#1"},
				"up": {"uv": [9.5, 3.5, 10, 4], "texture": "#1"},
				"down": {"uv": [9.5, 3.5, 10, 4], "texture": "#1"}
			}
		},
		{
			"name": "sword blade",
			"from": [16, 0, -1],
			"to": [17, 1, 0],
			"rotation": {"angle": 0, "axis": "y", "origin": [8.53496, 0.5, 7.46359]},
			"faces": {
				"north": {"uv": [5.5, 13, 6, 13.5], "texture": "#1"},
				"east": {"uv": [5.5, 13, 6, 13.5], "texture": "#1"},
				"south": {"uv": [5.5, 13, 6, 13.5], "texture": "#1"},
				"west": {"uv": [5.5, 13, 6, 13.5], "texture": "#1"},
				"up": {"uv": [5.5, 13, 6, 13.5], "texture": "#1"},
				"down": {"uv": [5.5, 13, 6, 13.5], "texture": "#1"}
			}
		},
		{
			"name": "sword blade",
			"from": [16, 0, 0],
			"to": [17, 1, 1],
			"rotation": {"angle": 0, "axis": "y", "origin": [8.53496, 0.5, 7.46359]},
			"faces": {
				"north": {"uv": [9.5, 8.5, 10, 9], "texture": "#1"},
				"east": {"uv": [9.5, 8.5, 10, 9], "texture": "#1"},
				"south": {"uv": [9.5, 8.5, 10, 9], "texture": "#1"},
				"west": {"uv": [9.5, 8.5, 10, 9], "texture": "#1"},
				"up": {"uv": [9.5, 8.5, 10, 9], "texture": "#1"},
				"down": {"uv": [9.5, 8.5, 10, 9], "texture": "#1"}
			}
		},
		{
			"name": "sword blade",
			"from": [16, 0, -2],
			"to": [17, 1, -1],
			"rotation": {"angle": 0, "axis": "y", "origin": [8.53496, 0.5, 7.46359]},
			"faces": {
				"north": {"uv": [9.5, 3.5, 10, 4], "texture": "#1"},
				"east": {"uv": [9.5, 3.5, 10, 4], "texture": "#1"},
				"south": {"uv": [9.5, 3.5, 10, 4], "texture": "#1"},
				"west": {"uv": [9.5, 3.5, 10, 4], "texture": "#1"},
				"up": {"uv": [9.5, 3.5, 10, 4], "texture": "#1"},
				"down": {"uv": [9.5, 3.5, 10, 4], "texture": "#1"}
			}
		},
		{
			"name": "sword blade",
			"from": [17, 0, -1],
			"to": [18, 1, 0],
			"rotation": {"angle": 0, "axis": "y", "origin": [8.53496, 0.5, 7.46359]},
			"faces": {
				"north": {"uv": [9.5, 8.5, 10, 9], "texture": "#1"},
				"east": {"uv": [9.5, 8.5, 10, 9], "texture": "#1"},
				"south": {"uv": [9.5, 8.5, 10, 9], "texture": "#1"},
				"west": {"uv": [9.5, 8.5, 10, 9], "texture": "#1"},
				"up": {"uv": [9.5, 8.5, 10, 9], "texture": "#1"},
				"down": {"uv": [9.5, 8.5, 10, 9], "texture": "#1"}
			}
		},
		{
			"name": "sword blade",
			"from": [17, 0, -2],
			"to": [18, 1, -1],
			"rotation": {"angle": 0, "axis": "y", "origin": [8.53496, 0.5, 7.46359]},
			"faces": {
				"north": {"uv": [5.5, 15, 6, 15.5], "texture": "#1"},
				"east": {"uv": [5.5, 15, 6, 15.5], "texture": "#1"},
				"south": {"uv": [5.5, 15, 6, 15.5], "texture": "#1"},
				"west": {"uv": [5.5, 15, 6, 15.5], "texture": "#1"},
				"up": {"uv": [5.5, 15, 6, 15.5], "texture": "#1"},
				"down": {"uv": [5.5, 15, 6, 15.5], "texture": "#1"}
			}
		},
		{
			"name": "sword blade",
			"from": [17, 0, -3],
			"to": [18, 1, -2],
			"rotation": {"angle": 0, "axis": "y", "origin": [8.53496, 0.5, 7.46359]},
			"faces": {
				"north": {"uv": [9.5, 1, 10, 1.5], "texture": "#1"},
				"east": {"uv": [9.5, 1, 10, 1.5], "texture": "#1"},
				"south": {"uv": [9.5, 1, 10, 1.5], "texture": "#1"},
				"west": {"uv": [9.5, 1, 10, 1.5], "texture": "#1"},
				"up": {"uv": [9.5, 1, 10, 1.5], "texture": "#1"},
				"down": {"uv": [9.5, 1, 10, 1.5], "texture": "#1"}
			}
		},
		{
			"name": "sword blade",
			"from": [18, 0, -3],
			"to": [19, 1, -2],
			"rotation": {"angle": 0, "axis": "y", "origin": [8.53496, 0.5, 7.46359]},
			"faces": {
				"north": {"uv": [9.5, 1, 10, 1.5], "texture": "#1"},
				"east": {"uv": [9.5, 1, 10, 1.5], "texture": "#1"},
				"south": {"uv": [9.5, 1, 10, 1.5], "texture": "#1"},
				"west": {"uv": [9.5, 1, 10, 1.5], "texture": "#1"},
				"up": {"uv": [9.5, 1, 10, 1.5], "texture": "#1"},
				"down": {"uv": [9.5, 1, 10, 1.5], "texture": "#1"}
			}
		},
		{
			"name": "sword blade",
			"from": [18, 0, -2],
			"to": [19, 1, -1],
			"rotation": {"angle": 0, "axis": "y", "origin": [8.53496, 0.5, 7.46359]},
			"faces": {
				"north": {"uv": [9.5, 6, 10, 6.5], "texture": "#1"},
				"east": {"uv": [9.5, 6, 10, 6.5], "texture": "#1"},
				"south": {"uv": [9.5, 6, 10, 6.5], "texture": "#1"},
				"west": {"uv": [9.5, 6, 10, 6.5], "texture": "#1"},
				"up": {"uv": [9.5, 6, 10, 6.5], "texture": "#1"},
				"down": {"uv": [9.5, 6, 10, 6.5], "texture": "#1"}
			}
		},
		{
			"name": "sword blade",
			"from": [13, 0, 3],
			"to": [14, 1, 4],
			"rotation": {"angle": 0, "axis": "y", "origin": [8.53496, 0.5, 7.46359]},
			"faces": {
				"north": {"uv": [9.5, 13, 10, 13.5], "texture": "#1"},
				"east": {"uv": [9.5, 13, 10, 13.5], "texture": "#1"},
				"south": {"uv": [9.5, 13, 10, 13.5], "texture": "#1"},
				"west": {"uv": [9.5, 13, 10, 13.5], "texture": "#1"},
				"up": {"uv": [9.5, 13, 10, 13.5], "texture": "#1"},
				"down": {"uv": [9.5, 13, 10, 13.5], "texture": "#1"}
			}
		},
		{
			"name": "sword blade",
			"from": [12, 0, 4],
			"to": [13, 1, 5],
			"rotation": {"angle": 0, "axis": "y", "origin": [8.53496, 0.5, 7.46359]},
			"faces": {
				"north": {"uv": [13.5, 1, 14, 1.5], "texture": "#1"},
				"east": {"uv": [13.5, 1, 14, 1.5], "texture": "#1"},
				"south": {"uv": [13.5, 1, 14, 1.5], "texture": "#1"},
				"west": {"uv": [13.5, 1, 14, 1.5], "texture": "#1"},
				"up": {"uv": [13.5, 1, 14, 1.5], "texture": "#1"},
				"down": {"uv": [13.5, 1, 14, 1.5], "texture": "#1"}
			}
		}
	],
	"display": {
		"thirdperson_righthand": {
			"rotation": [-45, -180, 90],
			"translation": [7.5, 5.25, 1.5]
		},
		"thirdperson_lefthand": {
			"rotation": [135, 0, 90],
			"translation": [-7.5, 5.25, 1.5]
		},
		"firstperson_righthand": {
			"rotation": [65, 0, 90],
			"translation": [-4, 2.5, 0],
			"scale": [0.8, 0.8, 0.8]
		},
		"firstperson_lefthand": {
			"rotation": [65, 0, -90],
			"translation": [8, 2.5, 0],
			"scale": [0.8, 0.8, 0.8]
		},
		"ground": {
			"rotation": [0, 0, 90],
			"translation": [-3, 2.5, -0.25],
			"scale": [0.4, 0.4, 0.4]
		},
		"gui": {
			"rotation": [90, 0, 0],
			"translation": [-0.5, -0.5, 0],
			"scale": [0.75, 0.75, 0.75]
		},
		"fixed": {
			"rotation": [90, 0, -180],
			"translation": [1, -1, -7],
			"scale": [0.9, 0.9, 0.9]
		}
	},
	"groups": [
		{
			"name": "sword guard and eye",
			"origin": [0, 0, 0],
			"color": 0,
			"children": [
				{
					"name": "sword guard",
					"origin": [0, 0, 0],
					"color": 0,
					"children": [0, 1, 2, 3, 4, 5, 6, 7, 8, 9, 10, 11, 12, 13, 14, 15, 16, 17, 18, 19, 20, 21, 22, 23, 24, 25, 26]
				}
			]
		},
		{
			"name": "handle",
			"origin": [0, 0, 0],
			"color": 2,
			"children": [27, 28, 29, 30, 31, 32, 33, 34, 35, 36, 37, 38, 39, 40, 41, 42, 43, 44, 45, 46]
		},
		{
			"name": "sword",
			"origin": [8, 8, 8],
			"color": 0,
			"children": [47, 48, 49, 50, 51, 52, 53, 54, 55, 56, 57, 58, 59, 60, 61, 62, 63, 64, 65, 66, 67, 68, 69, 70, 71, 72, 73, 74, 75, 76, 77, 78, 79, 80, 81, 82, 83, 84, 85, 86, 87, 88, 89, 90, 91, 92, 93, 94, 95, 96, 97, 98, 99, 100, 101, 102, 103, 104, 105, 106, 107]
		}
	]
}