{
	"credit": "Made with Blockbench",
	"texture_size": [18, 18],
	"textures": {
		"0": "extravanilla:item/lightning_staff",
		"particle": "extravanilla:item/lightning_staff"
	},
	"elements": [
		{
			"name": "handle rear",
			"from": [-1, 0, 16],
			"to": [0, 1, 17],
			"faces": {
				"north": {"uv": [2.04445, 4.97777, 1.15556, 4.08889], "texture": "#0"},
				"east": {"uv": [2.04445, 4.97777, 1.15556, 4.08889], "texture": "#0"},
				"south": {"uv": [2.04445, 4.97777, 1.15556, 4.08889], "texture": "#0"},
				"west": {"uv": [2.04445, 4.97777, 1.15556, 4.08889], "texture": "#0"},
				"up": {"uv": [2.04445, 4.97777, 1.15556, 4.08889], "texture": "#0"},
				"down": {"uv": [2.04445, 4.97777, 1.15556, 4.08889], "texture": "#0"}
			}
		},
		{
			"name": "handle rear",
			"from": [0, 0, 15],
			"to": [1, 1, 16],
			"faces": {
				"north": {"uv": [2.04445, 4.97777, 1.15556, 4.08889], "texture": "#0"},
				"east": {"uv": [2.04445, 4.97777, 1.15556, 4.08889], "texture": "#0"},
				"south": {"uv": [2.04445, 4.97777, 1.15556, 4.08889], "texture": "#0"},
				"west": {"uv": [2.04445, 4.97777, 1.15556, 4.08889], "texture": "#0"},
				"up": {"uv": [2.04445, 4.97777, 1.15556, 4.08889], "texture": "#0"},
				"down": {"uv": [2.04445, 4.97777, 1.15556, 4.08889], "texture": "#0"}
			}
		},
		{
			"name": "handle rear",
			"from": [1, 0, 14],
			"to": [2, 1, 15],
			"faces": {
				"north": {"uv": [2.04445, 1.42222, 1.15556, 0.53333], "texture": "#0"},
				"east": {"uv": [2.04445, 1.42222, 1.15556, 0.53333], "texture": "#0"},
				"south": {"uv": [2.04445, 1.42222, 1.15556, 0.53333], "texture": "#0"},
				"west": {"uv": [2.04445, 1.42222, 1.15556, 0.53333], "texture": "#0"},
				"up": {"uv": [2.04445, 1.42222, 1.15556, 0.53333], "texture": "#0"},
				"down": {"uv": [2.04445, 1.42222, 1.15556, 0.53333], "texture": "#0"}
			}
		},
		{
			"name": "handle rear",
			"from": [2, 0, 13],
			"to": [3, 1, 14],
			"faces": {
				"north": {"uv": [2.04445, 1.42222, 1.15556, 0.53333], "texture": "#0"},
				"east": {"uv": [2.04445, 1.42222, 1.15556, 0.53333], "texture": "#0"},
				"south": {"uv": [2.04445, 1.42222, 1.15556, 0.53333], "texture": "#0"},
				"west": {"uv": [2.04445, 1.42222, 1.15556, 0.53333], "texture": "#0"},
				"up": {"uv": [2.04445, 1.42222, 1.15556, 0.53333], "texture": "#0"},
				"down": {"uv": [2.04445, 1.42222, 1.15556, 0.53333], "texture": "#0"}
			}
		},
		{
			"name": "handle rear",
			"from": [3, 0, 12],
			"to": [4, 1, 13],
			"faces": {
				"north": {"uv": [2.04445, 1.42222, 1.15556, 0.53333], "texture": "#0"},
				"east": {"uv": [2.04445, 1.42222, 1.15556, 0.53333], "texture": "#0"},
				"south": {"uv": [2.04445, 1.42222, 1.15556, 0.53333], "texture": "#0"},
				"west": {"uv": [2.04445, 1.42222, 1.15556, 0.53333], "texture": "#0"},
				"up": {"uv": [2.04445, 1.42222, 1.15556, 0.53333], "texture": "#0"},
				"down": {"uv": [2.04445, 1.42222, 1.15556, 0.53333], "texture": "#0"}
			}
		},
		{
			"name": "handle proper",
			"from": [4, 0, 11],
			"to": [5, 1, 12],
			"faces": {
				"north": {"uv": [2.04445, 4.97777, 1.15556, 4.08889], "texture": "#0"},
				"east": {"uv": [2.04445, 4.97777, 1.15556, 4.08889], "texture": "#0"},
				"south": {"uv": [2.04445, 4.97777, 1.15556, 4.08889], "texture": "#0"},
				"west": {"uv": [2.04445, 4.97777, 1.15556, 4.08889], "texture": "#0"},
				"up": {"uv": [2.04445, 4.97777, 1.15556, 4.08889], "texture": "#0"},
				"down": {"uv": [2.04445, 4.97777, 1.15556, 4.08889], "texture": "#0"}
			}
		},
		{
			"name": "handle proper",
			"from": [5, 0, 10],
			"to": [6, 1, 11],
			"faces": {
				"north": {"uv": [2.04445, 4.97777, 1.15556, 4.08889], "texture": "#0"},
				"east": {"uv": [2.04445, 4.97777, 1.15556, 4.08889], "texture": "#0"},
				"south": {"uv": [2.04445, 4.97777, 1.15556, 4.08889], "texture": "#0"},
				"west": {"uv": [2.04445, 4.97777, 1.15556, 4.08889], "texture": "#0"},
				"up": {"uv": [2.04445, 4.97777, 1.15556, 4.08889], "texture": "#0"},
				"down": {"uv": [2.04445, 4.97777, 1.15556, 4.08889], "texture": "#0"}
			}
		},
		{
			"name": "handle proper",
			"from": [6, 0, 9],
			"to": [7, 1, 10],
			"faces": {
				"north": {"uv": [2.04445, 4.97777, 1.15556, 4.08889], "texture": "#0"},
				"east": {"uv": [2.04445, 4.97777, 1.15556, 4.08889], "texture": "#0"},
				"south": {"uv": [2.04445, 4.97777, 1.15556, 4.08889], "texture": "#0"},
				"west": {"uv": [2.04445, 4.97777, 1.15556, 4.08889], "texture": "#0"},
				"up": {"uv": [2.04445, 4.97777, 1.15556, 4.08889], "texture": "#0"},
				"down": {"uv": [2.04445, 4.97777, 1.15556, 4.08889], "texture": "#0"}
			}
		},
		{
			"name": "staff main",
			"from": [9, 0, 6],
			"to": [10, 1, 7],
			"faces": {
				"north": {"uv": [5.6, 1.42222, 4.71111, 0.53333], "texture": "#0"},
				"east": {"uv": [5.6, 1.42222, 4.71111, 0.53333], "texture": "#0"},
				"south": {"uv": [5.6, 1.42222, 4.71111, 0.53333], "texture": "#0"},
				"west": {"uv": [5.6, 1.42222, 4.71111, 0.53333], "texture": "#0"},
				"up": {"uv": [5.6, 1.42222, 4.71111, 0.53333], "texture": "#0"},
				"down": {"uv": [5.6, 1.42222, 4.71111, 0.53333], "texture": "#0"}
			}
		},
		{
			"name": "staff main",
			"from": [8, 0, 7],
			"to": [9, 1, 8],
			"faces": {
				"north": {"uv": [5.6, 1.42222, 4.71111, 0.53333], "texture": "#0"},
				"east": {"uv": [5.6, 1.42222, 4.71111, 0.53333], "texture": "#0"},
				"south": {"uv": [5.6, 1.42222, 4.71111, 0.53333], "texture": "#0"},
				"west": {"uv": [5.6, 1.42222, 4.71111, 0.53333], "texture": "#0"},
				"up": {"uv": [5.6, 1.42222, 4.71111, 0.53333], "texture": "#0"},
				"down": {"uv": [5.6, 1.42222, 4.71111, 0.53333], "texture": "#0"}
			}
		},
		{
			"name": "staff main",
			"from": [7, 0, 8],
			"to": [8, 1, 9],
			"faces": {
				"north": {"uv": [5.6, 1.42222, 4.71111, 0.53333], "texture": "#0"},
				"east": {"uv": [5.6, 1.42222, 4.71111, 0.53333], "texture": "#0"},
				"south": {"uv": [5.6, 1.42222, 4.71111, 0.53333], "texture": "#0"},
				"west": {"uv": [5.6, 1.42222, 4.71111, 0.53333], "texture": "#0"},
				"up": {"uv": [5.6, 1.42222, 4.71111, 0.53333], "texture": "#0"},
				"down": {"uv": [5.6, 1.42222, 4.71111, 0.53333], "texture": "#0"}
			}
		},
		{
			"name": "staff main",
			"from": [10, 0, 5],
			"to": [11, 1, 6],
			"faces": {
				"north": {"uv": [5.6, 1.42222, 4.71111, 0.53333], "texture": "#0"},
				"east": {"uv": [5.6, 1.42222, 4.71111, 0.53333], "texture": "#0"},
				"south": {"uv": [5.6, 1.42222, 4.71111, 0.53333], "texture": "#0"},
				"west": {"uv": [5.6, 1.42222, 4.71111, 0.53333], "texture": "#0"},
				"up": {"uv": [5.6, 1.42222, 4.71111, 0.53333], "texture": "#0"},
				"down": {"uv": [5.6, 1.42222, 4.71111, 0.53333], "texture": "#0"}
			}
		},
		{
			"name": "staff main",
			"from": [10, 0, 3],
			"to": [11, 1, 4],
			"faces": {
				"north": {"uv": [5.6, 1.42222, 4.71111, 0.53333], "texture": "#0"},
				"east": {"uv": [5.6, 1.42222, 4.71111, 0.53333], "texture": "#0"},
				"south": {"uv": [5.6, 1.42222, 4.71111, 0.53333], "texture": "#0"},
				"west": {"uv": [5.6, 1.42222, 4.71111, 0.53333], "texture": "#0"},
				"up": {"uv": [5.6, 1.42222, 4.71111, 0.53333], "texture": "#0"},
				"down": {"uv": [5.6, 1.42222, 4.71111, 0.53333], "texture": "#0"}
			}
		},
		{
			"name": "staff main",
			"from": [11, 0, 4],
			"to": [12, 1, 5],
			"faces": {
				"north": {"uv": [5.6, 1.42222, 4.71111, 0.53333], "texture": "#0"},
				"east": {"uv": [5.6, 1.42222, 4.71111, 0.53333], "texture": "#0"},
				"south": {"uv": [5.6, 1.42222, 4.71111, 0.53333], "texture": "#0"},
				"west": {"uv": [5.6, 1.42222, 4.71111, 0.53333], "texture": "#0"},
				"up": {"uv": [5.6, 1.42222, 4.71111, 0.53333], "texture": "#0"},
				"down": {"uv": [5.6, 1.42222, 4.71111, 0.53333], "texture": "#0"}
			}
		},
		{
			"name": "staff main",
			"from": [13, 0, 2],
			"to": [14, 1, 3],
			"faces": {
				"north": {"uv": [5.6, 1.42222, 4.71111, 0.53333], "texture": "#0"},
				"east": {"uv": [5.6, 1.42222, 4.71111, 0.53333], "texture": "#0"},
				"south": {"uv": [5.6, 1.42222, 4.71111, 0.53333], "texture": "#0"},
				"west": {"uv": [5.6, 1.42222, 4.71111, 0.53333], "texture": "#0"},
				"up": {"uv": [5.6, 1.42222, 4.71111, 0.53333], "texture": "#0"},
				"down": {"uv": [5.6, 1.42222, 4.71111, 0.53333], "texture": "#0"}
			}
		},
		{
			"name": "staff main",
			"from": [14.75, 0, 3.75],
			"to": [15.75, 1, 4.75],
			"faces": {
				"north": {"uv": [5.6, 1.42222, 4.71111, 0.53333], "texture": "#0"},
				"east": {"uv": [5.6, 1.42222, 4.71111, 0.53333], "texture": "#0"},
				"south": {"uv": [5.6, 1.42222, 4.71111, 0.53333], "texture": "#0"},
				"west": {"uv": [5.6, 1.42222, 4.71111, 0.53333], "texture": "#0"},
				"up": {"uv": [5.6, 1.42222, 4.71111, 0.53333], "texture": "#0"},
				"down": {"uv": [5.6, 1.42222, 4.71111, 0.53333], "texture": "#0"}
			}
		},
		{
			"name": "staff main",
			"from": [11.25, 0, 0.25],
			"to": [12.25, 1, 1.25],
			"faces": {
				"north": {"uv": [5.6, 1.42222, 4.71111, 0.53333], "texture": "#0"},
				"east": {"uv": [5.6, 1.42222, 4.71111, 0.53333], "texture": "#0"},
				"south": {"uv": [5.6, 1.42222, 4.71111, 0.53333], "texture": "#0"},
				"west": {"uv": [5.6, 1.42222, 4.71111, 0.53333], "texture": "#0"},
				"up": {"uv": [5.6, 1.42222, 4.71111, 0.53333], "texture": "#0"},
				"down": {"uv": [5.6, 1.42222, 4.71111, 0.53333], "texture": "#0"}
			}
		},
		{
			"name": "staff main",
			"from": [11, 0, 5],
			"to": [12, 1, 6],
			"faces": {
				"north": {"uv": [5.6, 3.2, 4.71111, 2.31111], "texture": "#0"},
				"east": {"uv": [5.6, 3.2, 4.71111, 2.31111], "texture": "#0"},
				"south": {"uv": [5.6, 3.2, 4.71111, 2.31111], "texture": "#0"},
				"west": {"uv": [5.6, 3.2, 4.71111, 2.31111], "texture": "#0"},
				"up": {"uv": [5.6, 3.2, 4.71111, 2.31111], "texture": "#0"},
				"down": {"uv": [5.6, 3.2, 4.71111, 2.31111], "texture": "#0"}
			}
		},
		{
			"name": "staff main",
			"from": [10, 0, 4],
			"to": [11, 1, 5],
			"faces": {
				"north": {"uv": [5.6, 3.2, 4.71111, 2.31111], "texture": "#0"},
				"east": {"uv": [5.6, 3.2, 4.71111, 2.31111], "texture": "#0"},
				"south": {"uv": [5.6, 3.2, 4.71111, 2.31111], "texture": "#0"},
				"west": {"uv": [5.6, 3.2, 4.71111, 2.31111], "texture": "#0"},
				"up": {"uv": [5.6, 3.2, 4.71111, 2.31111], "texture": "#0"},
				"down": {"uv": [5.6, 3.2, 4.71111, 2.31111], "texture": "#0"}
			}
		},
		{
			"name": "staff main",
			"from": [12, 0, 5],
			"to": [13, 1, 6],
			"faces": {
				"north": {"uv": [5.6, 1.42222, 4.71111, 0.53333], "texture": "#0"},
				"east": {"uv": [5.6, 1.42222, 4.71111, 0.53333], "texture": "#0"},
				"south": {"uv": [5.6, 1.42222, 4.71111, 0.53333], "texture": "#0"},
				"west": {"uv": [5.6, 1.42222, 4.71111, 0.53333], "texture": "#0"},
				"up": {"uv": [5.6, 1.42222, 4.71111, 0.53333], "texture": "#0"},
				"down": {"uv": [5.6, 1.42222, 4.71111, 0.53333], "texture": "#0"}
			}
		},
		{
			"name": "staff main",
			"from": [12, 0.05, 3],
			"to": [13, 0.95, 4],
			"faces": {
				"north": {"uv": [5.6, 4.97777, 4.71111, 4.08889], "texture": "#0"},
				"east": {"uv": [5.6, 4.97777, 4.71111, 4.08889], "texture": "#0"},
				"south": {"uv": [5.6, 4.97777, 4.71111, 4.08889], "texture": "#0"},
				"west": {"uv": [5.6, 4.97777, 4.71111, 4.08889], "texture": "#0"},
				"up": {"uv": [5.6, 4.97777, 4.71111, 4.08889], "texture": "#0"},
				"down": {"uv": [5.6, 4.97777, 4.71111, 4.08889], "texture": "#0"}
			}
		},
		{
			"name": "staff main",
			"from": [14, 0.05, 1],
			"to": [15, 0.95, 2],
			"faces": {
				"north": {"uv": [5.6, 4.97777, 4.71111, 4.08889], "texture": "#0"},
				"east": {"uv": [5.6, 4.97777, 4.71111, 4.08889], "texture": "#0"},
				"south": {"uv": [5.6, 4.97777, 4.71111, 4.08889], "texture": "#0"},
				"west": {"uv": [5.6, 4.97777, 4.71111, 4.08889], "texture": "#0"},
				"up": {"uv": [5.6, 4.97777, 4.71111, 4.08889], "texture": "#0"},
				"down": {"uv": [5.6, 4.97777, 4.71111, 4.08889], "texture": "#0"}
			}
		},
		{
			"name": "staff crystal",
			"from": [11.5, 0.35, 2.5],
			"to": [12.5, 0.65, 3.5],
			"faces": {
				"north": {"uv": [2.04445, 12.08889, 1.15556, 11.2], "texture": "#0"},
				"east": {"uv": [2.04445, 12.08889, 1.15556, 11.2], "texture": "#0"},
				"south": {"uv": [2.04445, 12.08889, 1.15556, 11.2], "texture": "#0"},
				"west": {"uv": [2.04445, 12.08889, 1.15556, 11.2], "texture": "#0"},
				"up": {"uv": [2.04445, 12.08889, 1.15556, 11.2], "texture": "#0"},
				"down": {"uv": [2.04445, 12.08889, 1.15556, 11.2], "texture": "#0"}
			}
		},
		{
			"name": "staff crystal",
			"from": [11.5, 0.35, 1.5],
			"to": [12.5, 0.65, 2.5],
			"faces": {
				"north": {"uv": [2.04445, 10.31112, 1.15556, 9.42223], "texture": "#0"},
				"east": {"uv": [2.04445, 10.31112, 1.15556, 9.42223], "texture": "#0"},
				"south": {"uv": [2.04445, 10.31112, 1.15556, 9.42223], "texture": "#0"},
				"west": {"uv": [2.04445, 10.31112, 1.15556, 9.42223], "texture": "#0"},
				"up": {"uv": [2.04445, 10.31112, 1.15556, 9.42223], "texture": "#0"},
				"down": {"uv": [2.04445, 10.31112, 1.15556, 9.42223], "texture": "#0"}
			}
		},
		{
			"name": "staff crystal",
			"from": [12.5, 0.35, 1.5],
			"to": [13.5, 0.65, 2.5],
			"faces": {
				"north": {"uv": [2.04445, 10.31112, 1.15556, 9.42223], "texture": "#0"},
				"east": {"uv": [2.04445, 10.31112, 1.15556, 9.42223], "texture": "#0"},
				"south": {"uv": [2.04445, 10.31112, 1.15556, 9.42223], "texture": "#0"},
				"west": {"uv": [2.04445, 10.31112, 1.15556, 9.42223], "texture": "#0"},
				"up": {"uv": [2.04445, 10.31112, 1.15556, 9.42223], "texture": "#0"},
				"down": {"uv": [2.04445, 10.31112, 1.15556, 9.42223], "texture": "#0"}
			}
		},
		{
			"name": "staff crystal",
			"from": [13.5, 0.35, 3.5],
			"to": [14.5, 0.65, 4.5],
			"faces": {
				"north": {"uv": [2.04445, 10.31112, 1.15556, 9.42223], "texture": "#0"},
				"east": {"uv": [2.04445, 10.31112, 1.15556, 9.42223], "texture": "#0"},
				"south": {"uv": [2.04445, 10.31112, 1.15556, 9.42223], "texture": "#0"},
				"west": {"uv": [2.04445, 10.31112, 1.15556, 9.42223], "texture": "#0"},
				"up": {"uv": [2.04445, 10.31112, 1.15556, 9.42223], "texture": "#0"},
				"down": {"uv": [2.04445, 10.31112, 1.15556, 9.42223], "texture": "#0"}
			}
		},
		{
			"name": "staff crystal",
			"from": [12.5, 0.35, 2.5],
			"to": [13.5, 0.65, 3.5],
			"faces": {
				"north": {"uv": [5.6, 15.64444, 4.71111, 14.75555], "texture": "#0"},
				"east": {"uv": [5.6, 15.64444, 4.71111, 14.75555], "texture": "#0"},
				"south": {"uv": [5.6, 15.64444, 4.71111, 14.75555], "texture": "#0"},
				"west": {"uv": [5.6, 15.64444, 4.71111, 14.75555], "texture": "#0"},
				"up": {"uv": [5.6, 15.64444, 4.71111, 14.75555], "texture": "#0"},
				"down": {"uv": [5.6, 15.64444, 4.71111, 14.75555], "texture": "#0"}
			}
		},
		{
			"name": "staff crystal",
			"from": [13.5, 0.35, 1.5],
			"to": [14.5, 0.65, 2.5],
			"faces": {
				"north": {"uv": [5.6, 15.64444, 4.71111, 14.75555], "texture": "#0"},
				"east": {"uv": [5.6, 15.64444, 4.71111, 14.75555], "texture": "#0"},
				"south": {"uv": [5.6, 15.64444, 4.71111, 14.75555], "texture": "#0"},
				"west": {"uv": [5.6, 15.64444, 4.71111, 14.75555], "texture": "#0"},
				"up": {"uv": [5.6, 15.64444, 4.71111, 14.75555], "texture": "#0"},
				"down": {"uv": [5.6, 15.64444, 4.71111, 14.75555], "texture": "#0"}
			}
		},
		{
			"name": "staff crystal",
			"from": [13.5, 0.35, 2.5],
			"to": [14.5, 0.65, 3.5],
			"faces": {
				"north": {"uv": [2.04445, 13.86666, 1.15556, 12.97777], "texture": "#0"},
				"east": {"uv": [2.04445, 13.86666, 1.15556, 12.97777], "texture": "#0"},
				"south": {"uv": [2.04445, 13.86666, 1.15556, 12.97777], "texture": "#0"},
				"west": {"uv": [2.04445, 13.86666, 1.15556, 12.97777], "texture": "#0"},
				"up": {"uv": [2.04445, 13.86666, 1.15556, 12.97777], "texture": "#0"},
				"down": {"uv": [2.04445, 13.86666, 1.15556, 12.97777], "texture": "#0"}
			}
		},
		{
			"name": "staff crystal",
			"from": [14.5, 0.35, 1.5],
			"to": [15.5, 0.65, 2.5],
			"faces": {
				"north": {"uv": [2.04445, 13.86666, 1.15556, 12.97777], "texture": "#0"},
				"east": {"uv": [2.04445, 13.86666, 1.15556, 12.97777], "texture": "#0"},
				"south": {"uv": [2.04445, 13.86666, 1.15556, 12.97777], "texture": "#0"},
				"west": {"uv": [2.04445, 13.86666, 1.15556, 12.97777], "texture": "#0"},
				"up": {"uv": [2.04445, 13.86666, 1.15556, 12.97777], "texture": "#0"},
				"down": {"uv": [2.04445, 13.86666, 1.15556, 12.97777], "texture": "#0"}
			}
		},
		{
			"name": "staff crystal",
			"from": [14.5, 0.35, 0.5],
			"to": [15.5, 0.65, 1.5],
			"faces": {
				"north": {"uv": [2.04445, 1.42222, 1.15556, 0.53333], "texture": "#0"},
				"east": {"uv": [2.04445, 1.42222, 1.15556, 0.53333], "texture": "#0"},
				"south": {"uv": [2.04445, 1.42222, 1.15556, 0.53333], "texture": "#0"},
				"west": {"uv": [2.04445, 1.42222, 1.15556, 0.53333], "texture": "#0"},
				"up": {"uv": [2.04445, 1.42222, 1.15556, 0.53333], "texture": "#0"},
				"down": {"uv": [2.04445, 1.42222, 1.15556, 0.53333], "texture": "#0"}
			}
		},
		{
			"name": "staff crystal",
			"from": [13.5, 0.35, 0.5],
			"to": [14.5, 0.65, 1.5],
			"faces": {
				"north": {"uv": [2.04445, 1.42222, 1.15556, 0.53333], "texture": "#0"},
				"east": {"uv": [2.04445, 1.42222, 1.15556, 0.53333], "texture": "#0"},
				"south": {"uv": [2.04445, 1.42222, 1.15556, 0.53333], "texture": "#0"},
				"west": {"uv": [2.04445, 1.42222, 1.15556, 0.53333], "texture": "#0"},
				"up": {"uv": [2.04445, 1.42222, 1.15556, 0.53333], "texture": "#0"},
				"down": {"uv": [2.04445, 1.42222, 1.15556, 0.53333], "texture": "#0"}
			}
		},
		{
			"name": "staff crystal",
			"from": [14.5, 0.35, -0.5],
			"to": [15.5, 0.65, 0.5],
			"faces": {
				"north": {"uv": [2.04445, 1.42222, 1.15556, 0.53333], "texture": "#0"},
				"east": {"uv": [2.04445, 1.42222, 1.15556, 0.53333], "texture": "#0"},
				"south": {"uv": [2.04445, 1.42222, 1.15556, 0.53333], "texture": "#0"},
				"west": {"uv": [2.04445, 1.42222, 1.15556, 0.53333], "texture": "#0"},
				"up": {"uv": [2.04445, 1.42222, 1.15556, 0.53333], "texture": "#0"},
				"down": {"uv": [2.04445, 1.42222, 1.15556, 0.53333], "texture": "#0"}
			}
		},
		{
			"name": "staff crystal",
			"from": [15.5, 0.35, -0.5],
			"to": [16.5, 0.65, 0.5],
			"faces": {
				"north": {"uv": [2.04445, 1.42222, 1.15556, 0.53333], "texture": "#0"},
				"east": {"uv": [2.04445, 1.42222, 1.15556, 0.53333], "texture": "#0"},
				"south": {"uv": [2.04445, 1.42222, 1.15556, 0.53333], "texture": "#0"},
				"west": {"uv": [2.04445, 1.42222, 1.15556, 0.53333], "texture": "#0"},
				"up": {"uv": [2.04445, 1.42222, 1.15556, 0.53333], "texture": "#0"},
				"down": {"uv": [2.04445, 1.42222, 1.15556, 0.53333], "texture": "#0"}
			}
		},
		{
			"name": "staff crystal",
			"from": [15.5, 0.35, 0.5],
			"to": [16.5, 0.65, 1.5],
			"faces": {
				"north": {"uv": [2.04445, 15.64444, 1.15556, 14.75555], "texture": "#0"},
				"east": {"uv": [2.04445, 15.64444, 1.15556, 14.75555], "texture": "#0"},
				"south": {"uv": [2.04445, 15.64444, 1.15556, 14.75555], "texture": "#0"},
				"west": {"uv": [2.04445, 15.64444, 1.15556, 14.75555], "texture": "#0"},
				"up": {"uv": [2.04445, 15.64444, 1.15556, 14.75555], "texture": "#0"},
				"down": {"uv": [2.04445, 15.64444, 1.15556, 14.75555], "texture": "#0"}
			}
		},
		{
			"name": "staff crystal",
			"from": [12.5, 0.35, 3.5],
			"to": [13.5, 0.65, 4.5],
			"faces": {
				"north": {"uv": [2.04445, 12.08889, 1.15556, 11.2], "texture": "#0"},
				"east": {"uv": [2.04445, 12.08889, 1.15556, 11.2], "texture": "#0"},
				"south": {"uv": [2.04445, 12.08889, 1.15556, 11.2], "texture": "#0"},
				"west": {"uv": [2.04445, 12.08889, 1.15556, 11.2], "texture": "#0"},
				"up": {"uv": [2.04445, 12.08889, 1.15556, 11.2], "texture": "#0"},
				"down": {"uv": [2.04445, 12.08889, 1.15556, 11.2], "texture": "#0"}
			}
		},
		{
			"name": "staff crystal",
			"from": [14.5, 0.35, 2.5],
			"to": [15.5, 0.65, 3.5],
			"faces": {
				"north": {"uv": [2.04445, 15.64444, 1.15556, 14.75555], "texture": "#0"},
				"east": {"uv": [2.04445, 15.64444, 1.15556, 14.75555], "texture": "#0"},
				"south": {"uv": [2.04445, 15.64444, 1.15556, 14.75555], "texture": "#0"},
				"west": {"uv": [2.04445, 15.64444, 1.15556, 14.75555], "texture": "#0"},
				"up": {"uv": [2.04445, 15.64444, 1.15556, 14.75555], "texture": "#0"},
				"down": {"uv": [2.04445, 15.64444, 1.15556, 14.75555], "texture": "#0"}
			}
		},
		{
			"name": "staff crystal",
			"from": [15.5, 0.35, 1.5],
			"to": [16.5, 0.65, 2.5],
			"faces": {
				"north": {"uv": [2.04445, 15.64444, 1.15556, 14.75555], "texture": "#0"},
				"east": {"uv": [2.04445, 15.64444, 1.15556, 14.75555], "texture": "#0"},
				"south": {"uv": [2.04445, 15.64444, 1.15556, 14.75555], "texture": "#0"},
				"west": {"uv": [2.04445, 15.64444, 1.15556, 14.75555], "texture": "#0"},
				"up": {"uv": [2.04445, 15.64444, 1.15556, 14.75555], "texture": "#0"},
				"down": {"uv": [2.04445, 15.64444, 1.15556, 14.75555], "texture": "#0"}
			}
		},
		{
			"name": "staff crystal",
			"from": [13.5, 0.35, -0.5],
			"to": [14.5, 0.65, 0.5],
			"faces": {
				"north": {"uv": [2.04445, 1.42222, 1.15556, 0.53333], "texture": "#0"},
				"east": {"uv": [2.04445, 1.42222, 1.15556, 0.53333], "texture": "#0"},
				"south": {"uv": [2.04445, 1.42222, 1.15556, 0.53333], "texture": "#0"},
				"west": {"uv": [2.04445, 1.42222, 1.15556, 0.53333], "texture": "#0"},
				"up": {"uv": [2.04445, 1.42222, 1.15556, 0.53333], "texture": "#0"},
				"down": {"uv": [2.04445, 1.42222, 1.15556, 0.53333], "texture": "#0"}
			}
		},
		{
			"name": "staff crystal",
			"from": [12.5, 0.35, 0.5],
			"to": [13.5, 0.65, 1.5],
			"faces": {
				"north": {"uv": [2.04445, 15.64444, 1.15556, 14.75555], "texture": "#0"},
				"east": {"uv": [2.04445, 15.64444, 1.15556, 14.75555], "texture": "#0"},
				"south": {"uv": [2.04445, 15.64444, 1.15556, 14.75555], "texture": "#0"},
				"west": {"uv": [2.04445, 15.64444, 1.15556, 14.75555], "texture": "#0"},
				"up": {"uv": [2.04445, 15.64444, 1.15556, 14.75555], "texture": "#0"},
				"down": {"uv": [2.04445, 15.64444, 1.15556, 14.75555], "texture": "#0"}
			}
		},
		{
			"name": "staff crystal",
			"from": [11.5, 0.35, 3.5],
			"to": [12.5, 0.65, 4.5],
			"faces": {
				"north": {"uv": [2.04445, 12.08889, 1.15556, 11.2], "texture": "#0"},
				"east": {"uv": [2.04445, 12.08889, 1.15556, 11.2], "texture": "#0"},
				"south": {"uv": [2.04445, 12.08889, 1.15556, 11.2], "texture": "#0"},
				"west": {"uv": [2.04445, 12.08889, 1.15556, 11.2], "texture": "#0"},
				"up": {"uv": [2.04445, 12.08889, 1.15556, 11.2], "texture": "#0"},
				"down": {"uv": [2.04445, 12.08889, 1.15556, 11.2], "texture": "#0"}
			}
		},
		{
			"name": "handle outline",
			"from": [-1, 0, 15],
			"to": [0, 1, 16],
			"faces": {
				"north": {"uv": [2.04445, 6.75555, 1.15556, 5.86666], "texture": "#0"},
				"east": {"uv": [2.04445, 6.75555, 1.15556, 5.86666], "texture": "#0"},
				"south": {"uv": [2.04445, 6.75555, 1.15556, 5.86666], "texture": "#0"},
				"west": {"uv": [2.04445, 6.75555, 1.15556, 5.86666], "texture": "#0"},
				"up": {"uv": [2.04445, 6.75555, 1.15556, 5.86666], "texture": "#0"},
				"down": {"uv": [2.04445, 6.75555, 1.15556, 5.86666], "texture": "#0"}
			}
		},
		{
			"name": "handle outline",
			"from": [0, 0, 16],
			"to": [1, 1, 17],
			"faces": {
				"north": {"uv": [2.04445, 6.75555, 1.15556, 5.86666], "texture": "#0"},
				"east": {"uv": [2.04445, 6.75555, 1.15556, 5.86666], "texture": "#0"},
				"south": {"uv": [2.04445, 6.75555, 1.15556, 5.86666], "texture": "#0"},
				"west": {"uv": [2.04445, 6.75555, 1.15556, 5.86666], "texture": "#0"},
				"up": {"uv": [2.04445, 6.75555, 1.15556, 5.86666], "texture": "#0"},
				"down": {"uv": [2.04445, 6.75555, 1.15556, 5.86666], "texture": "#0"}
			}
		},
		{
			"name": "handle outline",
			"from": [0, 0, 14],
			"to": [1, 1, 15],
			"faces": {
				"north": {"uv": [2.04445, 3.2, 1.15556, 2.31111], "texture": "#0"},
				"east": {"uv": [2.04445, 3.2, 1.15556, 2.31111], "texture": "#0"},
				"south": {"uv": [2.04445, 3.2, 1.15556, 2.31111], "texture": "#0"},
				"west": {"uv": [2.04445, 3.2, 1.15556, 2.31111], "texture": "#0"},
				"up": {"uv": [2.04445, 3.2, 1.15556, 2.31111], "texture": "#0"},
				"down": {"uv": [2.04445, 3.2, 1.15556, 2.31111], "texture": "#0"}
			}
		},
		{
			"name": "handle outline",
			"from": [1, 0, 13],
			"to": [2, 1, 14],
			"faces": {
				"north": {"uv": [2.04445, 3.2, 1.15556, 2.31111], "texture": "#0"},
				"east": {"uv": [2.04445, 3.2, 1.15556, 2.31111], "texture": "#0"},
				"south": {"uv": [2.04445, 3.2, 1.15556, 2.31111], "texture": "#0"},
				"west": {"uv": [2.04445, 3.2, 1.15556, 2.31111], "texture": "#0"},
				"up": {"uv": [2.04445, 3.2, 1.15556, 2.31111], "texture": "#0"},
				"down": {"uv": [2.04445, 3.2, 1.15556, 2.31111], "texture": "#0"}
			}
		},
		{
			"name": "handle outline",
			"from": [2, 0, 12],
			"to": [3, 1, 13],
			"faces": {
				"north": {"uv": [2.04445, 3.2, 1.15556, 2.31111], "texture": "#0"},
				"east": {"uv": [2.04445, 3.2, 1.15556, 2.31111], "texture": "#0"},
				"south": {"uv": [2.04445, 3.2, 1.15556, 2.31111], "texture": "#0"},
				"west": {"uv": [2.04445, 3.2, 1.15556, 2.31111], "texture": "#0"},
				"up": {"uv": [2.04445, 3.2, 1.15556, 2.31111], "texture": "#0"},
				"down": {"uv": [2.04445, 3.2, 1.15556, 2.31111], "texture": "#0"}
			}
		},
		{
			"name": "handle outline",
			"from": [3, 0, 13],
			"to": [4, 1, 14],
			"faces": {
				"north": {"uv": [2.04445, 3.2, 1.15556, 2.31111], "texture": "#0"},
				"east": {"uv": [2.04445, 3.2, 1.15556, 2.31111], "texture": "#0"},
				"south": {"uv": [2.04445, 3.2, 1.15556, 2.31111], "texture": "#0"},
				"west": {"uv": [2.04445, 3.2, 1.15556, 2.31111], "texture": "#0"},
				"up": {"uv": [2.04445, 3.2, 1.15556, 2.31111], "texture": "#0"},
				"down": {"uv": [2.04445, 3.2, 1.15556, 2.31111], "texture": "#0"}
			}
		},
		{
			"name": "handle outline",
			"from": [2, 0, 14],
			"to": [3, 1, 15],
			"faces": {
				"north": {"uv": [2.04445, 3.2, 1.15556, 2.31111], "texture": "#0"},
				"east": {"uv": [2.04445, 3.2, 1.15556, 2.31111], "texture": "#0"},
				"south": {"uv": [2.04445, 3.2, 1.15556, 2.31111], "texture": "#0"},
				"west": {"uv": [2.04445, 3.2, 1.15556, 2.31111], "texture": "#0"},
				"up": {"uv": [2.04445, 3.2, 1.15556, 2.31111], "texture": "#0"},
				"down": {"uv": [2.04445, 3.2, 1.15556, 2.31111], "texture": "#0"}
			}
		},
		{
			"name": "handle outline",
			"from": [1, 0, 15],
			"to": [2, 1, 16],
			"faces": {
				"north": {"uv": [2.04445, 3.2, 1.15556, 2.31111], "texture": "#0"},
				"east": {"uv": [2.04445, 3.2, 1.15556, 2.31111], "texture": "#0"},
				"south": {"uv": [2.04445, 3.2, 1.15556, 2.31111], "texture": "#0"},
				"west": {"uv": [2.04445, 3.2, 1.15556, 2.31111], "texture": "#0"},
				"up": {"uv": [2.04445, 3.2, 1.15556, 2.31111], "texture": "#0"},
				"down": {"uv": [2.04445, 3.2, 1.15556, 2.31111], "texture": "#0"}
			}
		},
		{
			"name": "handle proper outline",
			"from": [3, 0, 11],
			"to": [4, 1, 12],
			"faces": {
				"north": {"uv": [2.04445, 6.75555, 1.15556, 5.86666], "texture": "#0"},
				"east": {"uv": [2.04445, 6.75555, 1.15556, 5.86666], "texture": "#0"},
				"south": {"uv": [2.04445, 6.75555, 1.15556, 5.86666], "texture": "#0"},
				"west": {"uv": [2.04445, 6.75555, 1.15556, 5.86666], "texture": "#0"},
				"up": {"uv": [2.04445, 6.75555, 1.15556, 5.86666], "texture": "#0"},
				"down": {"uv": [2.04445, 6.75555, 1.15556, 5.86666], "texture": "#0"}
			}
		},
		{
			"name": "handle proper outline",
			"from": [4, 0, 10],
			"to": [5, 1, 11],
			"faces": {
				"north": {"uv": [2.04445, 6.75555, 1.15556, 5.86666], "texture": "#0"},
				"east": {"uv": [2.04445, 6.75555, 1.15556, 5.86666], "texture": "#0"},
				"south": {"uv": [2.04445, 6.75555, 1.15556, 5.86666], "texture": "#0"},
				"west": {"uv": [2.04445, 6.75555, 1.15556, 5.86666], "texture": "#0"},
				"up": {"uv": [2.04445, 6.75555, 1.15556, 5.86666], "texture": "#0"},
				"down": {"uv": [2.04445, 6.75555, 1.15556, 5.86666], "texture": "#0"}
			}
		},
		{
			"name": "handle proper outline",
			"from": [5, 0, 9],
			"to": [6, 1, 10],
			"faces": {
				"north": {"uv": [2.04445, 6.75555, 1.15556, 5.86666], "texture": "#0"},
				"east": {"uv": [2.04445, 6.75555, 1.15556, 5.86666], "texture": "#0"},
				"south": {"uv": [2.04445, 6.75555, 1.15556, 5.86666], "texture": "#0"},
				"west": {"uv": [2.04445, 6.75555, 1.15556, 5.86666], "texture": "#0"},
				"up": {"uv": [2.04445, 6.75555, 1.15556, 5.86666], "texture": "#0"},
				"down": {"uv": [2.04445, 6.75555, 1.15556, 5.86666], "texture": "#0"}
			}
		},
		{
			"name": "handle proper outline",
			"from": [6, 0, 8],
			"to": [7, 1, 9],
			"faces": {
				"north": {"uv": [2.04445, 6.75555, 1.15556, 5.86666], "texture": "#0"},
				"east": {"uv": [2.04445, 6.75555, 1.15556, 5.86666], "texture": "#0"},
				"south": {"uv": [2.04445, 6.75555, 1.15556, 5.86666], "texture": "#0"},
				"west": {"uv": [2.04445, 6.75555, 1.15556, 5.86666], "texture": "#0"},
				"up": {"uv": [2.04445, 6.75555, 1.15556, 5.86666], "texture": "#0"},
				"down": {"uv": [2.04445, 6.75555, 1.15556, 5.86666], "texture": "#0"}
			}
		},
		{
			"name": "handle proper outline",
			"from": [4, 0, 12],
			"to": [5, 1, 13],
			"faces": {
				"north": {"uv": [2.04445, 6.75555, 1.15556, 5.86666], "texture": "#0"},
				"east": {"uv": [2.04445, 6.75555, 1.15556, 5.86666], "texture": "#0"},
				"south": {"uv": [2.04445, 6.75555, 1.15556, 5.86666], "texture": "#0"},
				"west": {"uv": [2.04445, 6.75555, 1.15556, 5.86666], "texture": "#0"},
				"up": {"uv": [2.04445, 6.75555, 1.15556, 5.86666], "texture": "#0"},
				"down": {"uv": [2.04445, 6.75555, 1.15556, 5.86666], "texture": "#0"}
			}
		},
		{
			"name": "handle proper outline",
			"from": [5, 0, 11],
			"to": [6, 1, 12],
			"faces": {
				"north": {"uv": [2.04445, 6.75555, 1.15556, 5.86666], "texture": "#0"},
				"east": {"uv": [2.04445, 6.75555, 1.15556, 5.86666], "texture": "#0"},
				"south": {"uv": [2.04445, 6.75555, 1.15556, 5.86666], "texture": "#0"},
				"west": {"uv": [2.04445, 6.75555, 1.15556, 5.86666], "texture": "#0"},
				"up": {"uv": [2.04445, 6.75555, 1.15556, 5.86666], "texture": "#0"},
				"down": {"uv": [2.04445, 6.75555, 1.15556, 5.86666], "texture": "#0"}
			}
		},
		{
			"name": "handle proper outline",
			"from": [6, 0, 10],
			"to": [7, 1, 11],
			"faces": {
				"north": {"uv": [2.04445, 6.75555, 1.15556, 5.86666], "texture": "#0"},
				"east": {"uv": [2.04445, 6.75555, 1.15556, 5.86666], "texture": "#0"},
				"south": {"uv": [2.04445, 6.75555, 1.15556, 5.86666], "texture": "#0"},
				"west": {"uv": [2.04445, 6.75555, 1.15556, 5.86666], "texture": "#0"},
				"up": {"uv": [2.04445, 6.75555, 1.15556, 5.86666], "texture": "#0"},
				"down": {"uv": [2.04445, 6.75555, 1.15556, 5.86666], "texture": "#0"}
			}
		},
		{
			"name": "handle proper outline",
			"from": [7, 0, 9],
			"to": [8, 1, 10],
			"faces": {
				"north": {"uv": [2.04445, 6.75555, 1.15556, 5.86666], "texture": "#0"},
				"east": {"uv": [2.04445, 6.75555, 1.15556, 5.86666], "texture": "#0"},
				"south": {"uv": [2.04445, 6.75555, 1.15556, 5.86666], "texture": "#0"},
				"west": {"uv": [2.04445, 6.75555, 1.15556, 5.86666], "texture": "#0"},
				"up": {"uv": [2.04445, 6.75555, 1.15556, 5.86666], "texture": "#0"},
				"down": {"uv": [2.04445, 6.75555, 1.15556, 5.86666], "texture": "#0"}
			}
		},
		{
			"name": "staff outline",
			"from": [8, 0, 8],
			"to": [9, 1, 9],
			"faces": {
				"north": {"uv": [5.6, 3.2, 4.71111, 2.31111], "texture": "#0"},
				"east": {"uv": [5.6, 3.2, 4.71111, 2.31111], "texture": "#0"},
				"south": {"uv": [5.6, 3.2, 4.71111, 2.31111], "texture": "#0"},
				"west": {"uv": [5.6, 3.2, 4.71111, 2.31111], "texture": "#0"},
				"up": {"uv": [5.6, 3.2, 4.71111, 2.31111], "texture": "#0"},
				"down": {"uv": [5.6, 3.2, 4.71111, 2.31111], "texture": "#0"}
			}
		},
		{
			"name": "staff outline",
			"from": [7, 0, 7],
			"to": [8, 1, 8],
			"faces": {
				"north": {"uv": [5.6, 3.2, 4.71111, 2.31111], "texture": "#0"},
				"east": {"uv": [5.6, 3.2, 4.71111, 2.31111], "texture": "#0"},
				"south": {"uv": [5.6, 3.2, 4.71111, 2.31111], "texture": "#0"},
				"west": {"uv": [5.6, 3.2, 4.71111, 2.31111], "texture": "#0"},
				"up": {"uv": [5.6, 3.2, 4.71111, 2.31111], "texture": "#0"},
				"down": {"uv": [5.6, 3.2, 4.71111, 2.31111], "texture": "#0"}
			}
		},
		{
			"name": "staff outline",
			"from": [9, 0, 7],
			"to": [10, 1, 8],
			"faces": {
				"north": {"uv": [5.6, 3.2, 4.71111, 2.31111], "texture": "#0"},
				"east": {"uv": [5.6, 3.2, 4.71111, 2.31111], "texture": "#0"},
				"south": {"uv": [5.6, 3.2, 4.71111, 2.31111], "texture": "#0"},
				"west": {"uv": [5.6, 3.2, 4.71111, 2.31111], "texture": "#0"},
				"up": {"uv": [5.6, 3.2, 4.71111, 2.31111], "texture": "#0"},
				"down": {"uv": [5.6, 3.2, 4.71111, 2.31111], "texture": "#0"}
			}
		},
		{
			"name": "staff outline",
			"from": [8, 0, 6],
			"to": [9, 1, 7],
			"faces": {
				"north": {"uv": [5.6, 3.2, 4.71111, 2.31111], "texture": "#0"},
				"east": {"uv": [5.6, 3.2, 4.71111, 2.31111], "texture": "#0"},
				"south": {"uv": [5.6, 3.2, 4.71111, 2.31111], "texture": "#0"},
				"west": {"uv": [5.6, 3.2, 4.71111, 2.31111], "texture": "#0"},
				"up": {"uv": [5.6, 3.2, 4.71111, 2.31111], "texture": "#0"},
				"down": {"uv": [5.6, 3.2, 4.71111, 2.31111], "texture": "#0"}
			}
		},
		{
			"name": "staff outline",
			"from": [9, 0, 5],
			"to": [10, 1, 6],
			"faces": {
				"north": {"uv": [5.6, 3.2, 4.71111, 2.31111], "texture": "#0"},
				"east": {"uv": [5.6, 3.2, 4.71111, 2.31111], "texture": "#0"},
				"south": {"uv": [5.6, 3.2, 4.71111, 2.31111], "texture": "#0"},
				"west": {"uv": [5.6, 3.2, 4.71111, 2.31111], "texture": "#0"},
				"up": {"uv": [5.6, 3.2, 4.71111, 2.31111], "texture": "#0"},
				"down": {"uv": [5.6, 3.2, 4.71111, 2.31111], "texture": "#0"}
			}
		},
		{
			"name": "staff outline",
			"from": [10, 0, 6],
			"to": [11, 1, 7],
			"faces": {
				"north": {"uv": [5.6, 3.2, 4.71111, 2.31111], "texture": "#0"},
				"east": {"uv": [5.6, 3.2, 4.71111, 2.31111], "texture": "#0"},
				"south": {"uv": [5.6, 3.2, 4.71111, 2.31111], "texture": "#0"},
				"west": {"uv": [5.6, 3.2, 4.71111, 2.31111], "texture": "#0"},
				"up": {"uv": [5.6, 3.2, 4.71111, 2.31111], "texture": "#0"},
				"down": {"uv": [5.6, 3.2, 4.71111, 2.31111], "texture": "#0"}
			}
		},
		{
			"name": "staff proper outline",
			"from": [-1.1, 0.25, 14.9],
			"to": [1.1, 0.75, 17.1],
			"faces": {
				"north": {"uv": [8.26667, 8.53333, 6.48889, 6.75555], "texture": "#0"},
				"east": {"uv": [8.26667, 8.53333, 6.48889, 6.75555], "texture": "#0"},
				"south": {"uv": [8.26667, 8.53333, 6.48889, 6.75555], "texture": "#0"},
				"west": {"uv": [8.26667, 8.53333, 6.48889, 6.75555], "texture": "#0"},
				"up": {"uv": [8.26667, 8.53333, 6.48889, 6.75555], "texture": "#0"},
				"down": {"uv": [8.26667, 8.53333, 6.48889, 6.75555], "texture": "#0"}
			}
		},
		{
			"name": "staff proper outline",
			"from": [-0.1, 0.25, 13.9],
			"to": [2.1, 0.75, 16.1],
			"faces": {
				"north": {"uv": [8.26667, 8.53333, 6.48889, 6.75555], "texture": "#0"},
				"east": {"uv": [8.26667, 8.53333, 6.48889, 6.75555], "texture": "#0"},
				"south": {"uv": [8.26667, 8.53333, 6.48889, 6.75555], "texture": "#0"},
				"west": {"uv": [8.26667, 8.53333, 6.48889, 6.75555], "texture": "#0"},
				"up": {"uv": [8.26667, 8.53333, 6.48889, 6.75555], "texture": "#0"},
				"down": {"uv": [8.26667, 8.53333, 6.48889, 6.75555], "texture": "#0"}
			}
		},
		{
			"name": "staff proper outline",
			"from": [0.9, 0.25, 12.9],
			"to": [3.1, 0.75, 15.1],
			"faces": {
				"north": {"uv": [8.26667, 8.53333, 6.48889, 6.75555], "texture": "#0"},
				"east": {"uv": [8.26667, 8.53333, 6.48889, 6.75555], "texture": "#0"},
				"south": {"uv": [8.26667, 8.53333, 6.48889, 6.75555], "texture": "#0"},
				"west": {"uv": [8.26667, 8.53333, 6.48889, 6.75555], "texture": "#0"},
				"up": {"uv": [8.26667, 8.53333, 6.48889, 6.75555], "texture": "#0"},
				"down": {"uv": [8.26667, 8.53333, 6.48889, 6.75555], "texture": "#0"}
			}
		},
		{
			"name": "staff proper outline",
			"from": [1.9, 0.25, 11.9],
			"to": [4.1, 0.75, 14.1],
			"faces": {
				"north": {"uv": [8.26667, 8.53333, 6.48889, 6.75555], "texture": "#0"},
				"east": {"uv": [8.26667, 8.53333, 6.48889, 6.75555], "texture": "#0"},
				"south": {"uv": [8.26667, 8.53333, 6.48889, 6.75555], "texture": "#0"},
				"west": {"uv": [8.26667, 8.53333, 6.48889, 6.75555], "texture": "#0"},
				"up": {"uv": [8.26667, 8.53333, 6.48889, 6.75555], "texture": "#0"},
				"down": {"uv": [8.26667, 8.53333, 6.48889, 6.75555], "texture": "#0"}
			}
		},
		{
			"name": "staff proper outline",
			"from": [2.9, 0.25, 10.9],
			"to": [5.1, 0.75, 13.1],
			"faces": {
				"north": {"uv": [8.26667, 8.53333, 6.48889, 6.75555], "texture": "#0"},
				"east": {"uv": [8.26667, 8.53333, 6.48889, 6.75555], "texture": "#0"},
				"south": {"uv": [8.26667, 8.53333, 6.48889, 6.75555], "texture": "#0"},
				"west": {"uv": [8.26667, 8.53333, 6.48889, 6.75555], "texture": "#0"},
				"up": {"uv": [8.26667, 8.53333, 6.48889, 6.75555], "texture": "#0"},
				"down": {"uv": [8.26667, 8.53333, 6.48889, 6.75555], "texture": "#0"}
			}
		},
		{
			"name": "staff proper outline",
			"from": [3.9, 0.25, 9.9],
			"to": [6.1, 0.75, 12.1],
			"faces": {
				"north": {"uv": [8.26667, 8.53333, 6.48889, 6.75555], "texture": "#0"},
				"east": {"uv": [8.26667, 8.53333, 6.48889, 6.75555], "texture": "#0"},
				"south": {"uv": [8.26667, 8.53333, 6.48889, 6.75555], "texture": "#0"},
				"west": {"uv": [8.26667, 8.53333, 6.48889, 6.75555], "texture": "#0"},
				"up": {"uv": [8.26667, 8.53333, 6.48889, 6.75555], "texture": "#0"},
				"down": {"uv": [8.26667, 8.53333, 6.48889, 6.75555], "texture": "#0"}
			}
		},
		{
			"name": "staff proper outline",
			"from": [4.9, 0.25, 8.9],
			"to": [7.1, 0.75, 11.1],
			"faces": {
				"north": {"uv": [8.26667, 8.53333, 6.48889, 6.75555], "texture": "#0"},
				"east": {"uv": [8.26667, 8.53333, 6.48889, 6.75555], "texture": "#0"},
				"south": {"uv": [8.26667, 8.53333, 6.48889, 6.75555], "texture": "#0"},
				"west": {"uv": [8.26667, 8.53333, 6.48889, 6.75555], "texture": "#0"},
				"up": {"uv": [8.26667, 8.53333, 6.48889, 6.75555], "texture": "#0"},
				"down": {"uv": [8.26667, 8.53333, 6.48889, 6.75555], "texture": "#0"}
			}
		},
		{
			"name": "staff proper outline",
			"from": [5.9, 0.25, 7.9],
			"to": [8.1, 0.75, 10.1],
			"faces": {
				"north": {"uv": [8.26667, 8.53333, 6.48889, 6.75555], "texture": "#0"},
				"east": {"uv": [8.26667, 8.53333, 6.48889, 6.75555], "texture": "#0"},
				"south": {"uv": [8.26667, 8.53333, 6.48889, 6.75555], "texture": "#0"},
				"west": {"uv": [8.26667, 8.53333, 6.48889, 6.75555], "texture": "#0"},
				"up": {"uv": [8.26667, 8.53333, 6.48889, 6.75555], "texture": "#0"},
				"down": {"uv": [8.26667, 8.53333, 6.48889, 6.75555], "texture": "#0"}
			}
		},
		{
			"name": "staff proper outline",
			"from": [6.9, 0.25, 6.9],
			"to": [9.1, 0.75, 9.1],
			"faces": {
				"north": {"uv": [8.26667, 8.53333, 6.48889, 6.75555], "texture": "#0"},
				"east": {"uv": [8.26667, 8.53333, 6.48889, 6.75555], "texture": "#0"},
				"south": {"uv": [8.26667, 8.53333, 6.48889, 6.75555], "texture": "#0"},
				"west": {"uv": [8.26667, 8.53333, 6.48889, 6.75555], "texture": "#0"},
				"up": {"uv": [8.26667, 8.53333, 6.48889, 6.75555], "texture": "#0"},
				"down": {"uv": [8.26667, 8.53333, 6.48889, 6.75555], "texture": "#0"}
			}
		},
		{
			"name": "staff proper outline",
			"from": [7.9, 0.25, 5.9],
			"to": [10.1, 0.75, 8.1],
			"faces": {
				"north": {"uv": [8.26667, 8.53333, 6.48889, 6.75555], "texture": "#0"},
				"east": {"uv": [8.26667, 8.53333, 6.48889, 6.75555], "texture": "#0"},
				"south": {"uv": [8.26667, 8.53333, 6.48889, 6.75555], "texture": "#0"},
				"west": {"uv": [8.26667, 8.53333, 6.48889, 6.75555], "texture": "#0"},
				"up": {"uv": [8.26667, 8.53333, 6.48889, 6.75555], "texture": "#0"},
				"down": {"uv": [8.26667, 8.53333, 6.48889, 6.75555], "texture": "#0"}
			}
		},
		{
			"name": "staff proper outline",
			"from": [8.9, 0.25, 4.9],
			"to": [11.1, 0.75, 7.1],
			"faces": {
				"north": {"uv": [8.26667, 8.53333, 6.48889, 6.75555], "texture": "#0"},
				"east": {"uv": [8.26667, 8.53333, 6.48889, 6.75555], "texture": "#0"},
				"south": {"uv": [8.26667, 8.53333, 6.48889, 6.75555], "texture": "#0"},
				"west": {"uv": [8.26667, 8.53333, 6.48889, 6.75555], "texture": "#0"},
				"up": {"uv": [8.26667, 8.53333, 6.48889, 6.75555], "texture": "#0"},
				"down": {"uv": [8.26667, 8.53333, 6.48889, 6.75555], "texture": "#0"}
			}
		},
		{
			"name": "staff proper outline",
			"from": [9.9, 0.25, 4.25],
			"to": [11.75, 0.75, 6.1],
			"faces": {
				"north": {"uv": [6.48889, 7.64444, 5.6, 6.75555], "texture": "#0"},
				"east": {"uv": [6.48889, 7.64444, 5.6, 6.75555], "texture": "#0"},
				"south": {"uv": [6.48889, 7.64444, 5.6, 6.75555], "texture": "#0"},
				"west": {"uv": [6.48889, 7.64444, 5.6, 6.75555], "texture": "#0"},
				"up": {"uv": [6.48889, 7.64444, 5.6, 6.75555], "texture": "#0"},
				"down": {"uv": [6.48889, 7.64444, 5.6, 6.75555], "texture": "#0"}
			}
		},
		{
			"name": "staff proper outline",
			"from": [9.9, 0.25, 3.25],
			"to": [10.75, 0.75, 4.1],
			"faces": {
				"north": {"uv": [4.71111, 6.75555, 4.71111, 6.75555], "texture": "#0"},
				"east": {"uv": [4.71111, 6.75555, 4.71111, 6.75555], "texture": "#0"},
				"south": {"uv": [4.71111, 6.75555, 4.71111, 6.75555], "texture": "#0"},
				"west": {"uv": [4.71111, 6.75555, 4.71111, 6.75555], "texture": "#0"},
				"up": {"uv": [4.71111, 6.75555, 4.71111, 6.75555], "texture": "#0"},
				"down": {"uv": [4.71111, 6.75555, 4.71111, 6.75555], "texture": "#0"}
			}
		},
		{
			"name": "staff proper outline",
			"from": [11.9, 0.25, 5.25],
			"to": [12.75, 0.75, 6.1],
			"faces": {
				"north": {"uv": [4.71111, 6.75555, 4.71111, 6.75555], "texture": "#0"},
				"east": {"uv": [4.71111, 6.75555, 4.71111, 6.75555], "texture": "#0"},
				"south": {"uv": [4.71111, 6.75555, 4.71111, 6.75555], "texture": "#0"},
				"west": {"uv": [4.71111, 6.75555, 4.71111, 6.75555], "texture": "#0"},
				"up": {"uv": [4.71111, 6.75555, 4.71111, 6.75555], "texture": "#0"},
				"down": {"uv": [4.71111, 6.75555, 4.71111, 6.75555], "texture": "#0"}
			}
		},
		{
			"name": "staff highlight",
			"from": [0.25, -0.1, 15.25],
			"to": [0.75, 1.1, 15.75],
			"faces": {
				"north": {"uv": [2.04445, 4.53333, 2.04445, 4.53333], "texture": "#0"},
				"east": {"uv": [2.04445, 4.53333, 2.04445, 4.53333], "texture": "#0"},
				"south": {"uv": [2.04445, 4.53333, 2.04445, 4.53333], "texture": "#0"},
				"west": {"uv": [2.04445, 4.53333, 2.04445, 4.53333], "texture": "#0"},
				"up": {"uv": [2.04445, 4.53333, 2.04445, 4.53333], "texture": "#0"},
				"down": {"uv": [2.04445, 4.53333, 2.04445, 4.53333], "texture": "#0"}
			}
		},
		{
			"name": "staff highlight",
			"from": [0.75, -0.1, 14.75],
			"to": [1.25, 1.1, 15.25],
			"faces": {
				"north": {"uv": [2.04445, 4.53333, 2.04445, 4.53333], "texture": "#0"},
				"east": {"uv": [2.04445, 4.53333, 2.04445, 4.53333], "texture": "#0"},
				"south": {"uv": [2.04445, 4.53333, 2.04445, 4.53333], "texture": "#0"},
				"west": {"uv": [2.04445, 4.53333, 2.04445, 4.53333], "texture": "#0"},
				"up": {"uv": [2.04445, 4.53333, 2.04445, 4.53333], "texture": "#0"},
				"down": {"uv": [2.04445, 4.53333, 2.04445, 4.53333], "texture": "#0"}
			}
		},
		{
			"name": "staff highlight",
			"from": [1.75, -0.1, 13.75],
			"to": [2.25, 1.1, 14.25],
			"faces": {
				"north": {"uv": [2.04445, 4.53333, 2.04445, 4.53333], "texture": "#0"},
				"east": {"uv": [2.04445, 4.53333, 2.04445, 4.53333], "texture": "#0"},
				"south": {"uv": [2.04445, 4.53333, 2.04445, 4.53333], "texture": "#0"},
				"west": {"uv": [2.04445, 4.53333, 2.04445, 4.53333], "texture": "#0"},
				"up": {"uv": [2.04445, 4.53333, 2.04445, 4.53333], "texture": "#0"},
				"down": {"uv": [2.04445, 4.53333, 2.04445, 4.53333], "texture": "#0"}
			}
		},
		{
			"name": "staff highlight",
			"from": [2.75, -0.1, 12.75],
			"to": [3.25, 1.1, 13.25],
			"faces": {
				"north": {"uv": [2.04445, 4.53333, 2.04445, 4.53333], "texture": "#0"},
				"east": {"uv": [2.04445, 4.53333, 2.04445, 4.53333], "texture": "#0"},
				"south": {"uv": [2.04445, 4.53333, 2.04445, 4.53333], "texture": "#0"},
				"west": {"uv": [2.04445, 4.53333, 2.04445, 4.53333], "texture": "#0"},
				"up": {"uv": [2.04445, 4.53333, 2.04445, 4.53333], "texture": "#0"},
				"down": {"uv": [2.04445, 4.53333, 2.04445, 4.53333], "texture": "#0"}
			}
		},
		{
			"name": "staff highlight",
			"from": [3.75, -0.1, 11.75],
			"to": [4.25, 1.1, 12.25],
			"faces": {
				"north": {"uv": [2.04445, 4.53333, 2.04445, 4.53333], "texture": "#0"},
				"east": {"uv": [2.04445, 4.53333, 2.04445, 4.53333], "texture": "#0"},
				"south": {"uv": [2.04445, 4.53333, 2.04445, 4.53333], "texture": "#0"},
				"west": {"uv": [2.04445, 4.53333, 2.04445, 4.53333], "texture": "#0"},
				"up": {"uv": [2.04445, 4.53333, 2.04445, 4.53333], "texture": "#0"},
				"down": {"uv": [2.04445, 4.53333, 2.04445, 4.53333], "texture": "#0"}
			}
		},
		{
			"name": "staff highlight",
			"from": [7.75, -0.1, 7.75],
			"to": [8.25, 1.1, 8.25],
			"faces": {
				"north": {"uv": [2.04445, 4.53333, 2.04445, 4.53333], "texture": "#0"},
				"east": {"uv": [2.04445, 4.53333, 2.04445, 4.53333], "texture": "#0"},
				"south": {"uv": [2.04445, 4.53333, 2.04445, 4.53333], "texture": "#0"},
				"west": {"uv": [2.04445, 4.53333, 2.04445, 4.53333], "texture": "#0"},
				"up": {"uv": [2.04445, 4.53333, 2.04445, 4.53333], "texture": "#0"},
				"down": {"uv": [2.04445, 4.53333, 2.04445, 4.53333], "texture": "#0"}
			}
		},
		{
			"name": "staff highlight",
			"from": [8.75, -0.1, 6.75],
			"to": [9.25, 1.1, 7.25],
			"faces": {
				"north": {"uv": [2.04445, 4.53333, 2.04445, 4.53333], "texture": "#0"},
				"east": {"uv": [2.04445, 4.53333, 2.04445, 4.53333], "texture": "#0"},
				"south": {"uv": [2.04445, 4.53333, 2.04445, 4.53333], "texture": "#0"},
				"west": {"uv": [2.04445, 4.53333, 2.04445, 4.53333], "texture": "#0"},
				"up": {"uv": [2.04445, 4.53333, 2.04445, 4.53333], "texture": "#0"},
				"down": {"uv": [2.04445, 4.53333, 2.04445, 4.53333], "texture": "#0"}
			}
		},
		{
			"name": "staff highlight",
			"from": [9.75, -0.1, 5.75],
			"to": [10.25, 1.1, 6.25],
			"faces": {
				"north": {"uv": [2.04445, 4.53333, 2.04445, 4.53333], "texture": "#0"},
				"east": {"uv": [2.04445, 4.53333, 2.04445, 4.53333], "texture": "#0"},
				"south": {"uv": [2.04445, 4.53333, 2.04445, 4.53333], "texture": "#0"},
				"west": {"uv": [2.04445, 4.53333, 2.04445, 4.53333], "texture": "#0"},
				"up": {"uv": [2.04445, 4.53333, 2.04445, 4.53333], "texture": "#0"},
				"down": {"uv": [2.04445, 4.53333, 2.04445, 4.53333], "texture": "#0"}
			}
		},
		{
			"name": "staff highlight",
			"from": [10.75, -0.1, 4.75],
			"to": [11.25, 1.1, 5.25],
			"faces": {
				"north": {"uv": [2.04445, 4.53333, 2.04445, 4.53333], "texture": "#0"},
				"east": {"uv": [2.04445, 4.53333, 2.04445, 4.53333], "texture": "#0"},
				"south": {"uv": [2.04445, 4.53333, 2.04445, 4.53333], "texture": "#0"},
				"west": {"uv": [2.04445, 4.53333, 2.04445, 4.53333], "texture": "#0"},
				"up": {"uv": [2.04445, 4.53333, 2.04445, 4.53333], "texture": "#0"},
				"down": {"uv": [2.04445, 4.53333, 2.04445, 4.53333], "texture": "#0"}
			}
		},
		{
			"name": "staff highlight",
			"from": [1.25, -0.1, 14.25],
			"to": [1.75, 1.1, 14.75],
			"faces": {
				"north": {"uv": [2.04445, 4.53333, 2.04445, 4.53333], "texture": "#0"},
				"east": {"uv": [2.04445, 4.53333, 2.04445, 4.53333], "texture": "#0"},
				"south": {"uv": [2.04445, 4.53333, 2.04445, 4.53333], "texture": "#0"},
				"west": {"uv": [2.04445, 4.53333, 2.04445, 4.53333], "texture": "#0"},
				"up": {"uv": [2.04445, 4.53333, 2.04445, 4.53333], "texture": "#0"},
				"down": {"uv": [2.04445, 4.53333, 2.04445, 4.53333], "texture": "#0"}
			}
		},
		{
			"name": "staff highlight",
			"from": [2.25, -0.1, 13.25],
			"to": [2.75, 1.1, 13.75],
			"faces": {
				"north": {"uv": [2.04445, 4.53333, 2.04445, 4.53333], "texture": "#0"},
				"east": {"uv": [2.04445, 4.53333, 2.04445, 4.53333], "texture": "#0"},
				"south": {"uv": [2.04445, 4.53333, 2.04445, 4.53333], "texture": "#0"},
				"west": {"uv": [2.04445, 4.53333, 2.04445, 4.53333], "texture": "#0"},
				"up": {"uv": [2.04445, 4.53333, 2.04445, 4.53333], "texture": "#0"},
				"down": {"uv": [2.04445, 4.53333, 2.04445, 4.53333], "texture": "#0"}
			}
		},
		{
			"name": "staff highlight",
			"from": [3.25, -0.1, 12.25],
			"to": [3.75, 1.1, 12.75],
			"faces": {
				"north": {"uv": [2.04445, 4.53333, 2.04445, 4.53333], "texture": "#0"},
				"east": {"uv": [2.04445, 4.53333, 2.04445, 4.53333], "texture": "#0"},
				"south": {"uv": [2.04445, 4.53333, 2.04445, 4.53333], "texture": "#0"},
				"west": {"uv": [2.04445, 4.53333, 2.04445, 4.53333], "texture": "#0"},
				"up": {"uv": [2.04445, 4.53333, 2.04445, 4.53333], "texture": "#0"},
				"down": {"uv": [2.04445, 4.53333, 2.04445, 4.53333], "texture": "#0"}
			}
		},
		{
			"name": "staff highlight",
			"from": [4.25, -0.1, 11.25],
			"to": [4.75, 1.1, 11.75],
			"faces": {
				"north": {"uv": [2.04445, 4.53333, 2.04445, 4.53333], "texture": "#0"},
				"east": {"uv": [2.04445, 4.53333, 2.04445, 4.53333], "texture": "#0"},
				"south": {"uv": [2.04445, 4.53333, 2.04445, 4.53333], "texture": "#0"},
				"west": {"uv": [2.04445, 4.53333, 2.04445, 4.53333], "texture": "#0"},
				"up": {"uv": [2.04445, 4.53333, 2.04445, 4.53333], "texture": "#0"},
				"down": {"uv": [2.04445, 4.53333, 2.04445, 4.53333], "texture": "#0"}
			}
		},
		{
			"name": "staff highlight",
			"from": [7.25, -0.1, 8.25],
			"to": [7.75, 1.1, 8.75],
			"faces": {
				"north": {"uv": [2.04445, 4.53333, 2.04445, 4.53333], "texture": "#0"},
				"east": {"uv": [2.04445, 4.53333, 2.04445, 4.53333], "texture": "#0"},
				"south": {"uv": [2.04445, 4.53333, 2.04445, 4.53333], "texture": "#0"},
				"west": {"uv": [2.04445, 4.53333, 2.04445, 4.53333], "texture": "#0"},
				"up": {"uv": [2.04445, 4.53333, 2.04445, 4.53333], "texture": "#0"},
				"down": {"uv": [2.04445, 4.53333, 2.04445, 4.53333], "texture": "#0"}
			}
		},
		{
			"name": "staff highlight",
			"from": [8.25, -0.1, 7.25],
			"to": [8.75, 1.1, 7.75],
			"faces": {
				"north": {"uv": [2.04445, 4.53333, 2.04445, 4.53333], "texture": "#0"},
				"east": {"uv": [2.04445, 4.53333, 2.04445, 4.53333], "texture": "#0"},
				"south": {"uv": [2.04445, 4.53333, 2.04445, 4.53333], "texture": "#0"},
				"west": {"uv": [2.04445, 4.53333, 2.04445, 4.53333], "texture": "#0"},
				"up": {"uv": [2.04445, 4.53333, 2.04445, 4.53333], "texture": "#0"},
				"down": {"uv": [2.04445, 4.53333, 2.04445, 4.53333], "texture": "#0"}
			}
		},
		{
			"name": "staff highlight",
			"from": [9.25, -0.1, 6.25],
			"to": [9.75, 1.1, 6.75],
			"faces": {
				"north": {"uv": [2.04445, 4.53333, 2.04445, 4.53333], "texture": "#0"},
				"east": {"uv": [2.04445, 4.53333, 2.04445, 4.53333], "texture": "#0"},
				"south": {"uv": [2.04445, 4.53333, 2.04445, 4.53333], "texture": "#0"},
				"west": {"uv": [2.04445, 4.53333, 2.04445, 4.53333], "texture": "#0"},
				"up": {"uv": [2.04445, 4.53333, 2.04445, 4.53333], "texture": "#0"},
				"down": {"uv": [2.04445, 4.53333, 2.04445, 4.53333], "texture": "#0"}
			}
		},
		{
			"name": "staff highlight",
			"from": [10.25, -0.1, 5.25],
			"to": [10.75, 1.1, 5.75],
			"faces": {
				"north": {"uv": [2.04445, 4.53333, 2.04445, 4.53333], "texture": "#0"},
				"east": {"uv": [2.04445, 4.53333, 2.04445, 4.53333], "texture": "#0"},
				"south": {"uv": [2.04445, 4.53333, 2.04445, 4.53333], "texture": "#0"},
				"west": {"uv": [2.04445, 4.53333, 2.04445, 4.53333], "texture": "#0"},
				"up": {"uv": [2.04445, 4.53333, 2.04445, 4.53333], "texture": "#0"},
				"down": {"uv": [2.04445, 4.53333, 2.04445, 4.53333], "texture": "#0"}
			}
		},
		{
			"name": "staff highlight",
			"from": [11.25, -0.1, 4.25],
			"to": [11.75, 1.1, 4.75],
			"faces": {
				"north": {"uv": [2.04445, 4.53333, 2.04445, 4.53333], "texture": "#0"},
				"east": {"uv": [2.04445, 4.53333, 2.04445, 4.53333], "texture": "#0"},
				"south": {"uv": [2.04445, 4.53333, 2.04445, 4.53333], "texture": "#0"},
				"west": {"uv": [2.04445, 4.53333, 2.04445, 4.53333], "texture": "#0"},
				"up": {"uv": [2.04445, 4.53333, 2.04445, 4.53333], "texture": "#0"},
				"down": {"uv": [2.04445, 4.53333, 2.04445, 4.53333], "texture": "#0"}
			}
		},
		{
			"name": "staff highlight",
			"from": [13.25, -0.1, 2.25],
			"to": [13.75, 1.1, 2.75],
			"faces": {
				"north": {"uv": [2.04445, 4.53333, 2.04445, 4.53333], "texture": "#0"},
				"east": {"uv": [2.04445, 4.53333, 2.04445, 4.53333], "texture": "#0"},
				"south": {"uv": [2.04445, 4.53333, 2.04445, 4.53333], "texture": "#0"},
				"west": {"uv": [2.04445, 4.53333, 2.04445, 4.53333], "texture": "#0"},
				"up": {"uv": [2.04445, 4.53333, 2.04445, 4.53333], "texture": "#0"},
				"down": {"uv": [2.04445, 4.53333, 2.04445, 4.53333], "texture": "#0"}
			}
		}
	],
	"display": {
		"thirdperson_righthand": {
			"rotation": [65, 0, 90],
			"translation": [-7.5, 6, 3]
		},
		"thirdperson_lefthand": {
			"rotation": [65, 0, -90],
			"translation": [7.5, 6, 3]
		},
		"firstperson_righthand": {
			"rotation": [15, 0, 90],
			"translation": [-3, 1.5, -1]
		},
		"firstperson_lefthand": {
			"rotation": [15, 0, -90],
			"translation": [12, 1.5, -1]
		},
		"ground": {
			"rotation": [0, 0, 90],
			"translation": [-3, 2.5, -0.2],
			"scale": [0.4, 0.4, 0.4]
		},
		"gui": {
			"rotation": [90, 0, 0],
			"scale": [0.75, 0.75, 0.75]
		},
		"fixed": {
			"rotation": [90, 0, -180],
			"translation": [0, 0, -7.5]
		}
	},
	"groups": [
		{
			"name": "staff proper",
			"origin": [0, 0, 0],
			"color": 0,
			"children": [0, 1, 2, 3, 4, 5, 6, 7, 8, 9, 10, 11, 12, 13, 14, 15, 16, 17, 18, 19, 20, 21, 22, 23, 24, 25, 26, 27, 28, 29, 30, 31, 32, 33, 34, 35, 36, 37, 38, 39, 40]
		},
		{
			"name": "staff details",
			"origin": [8, 8, 8],
			"color": 0,
			"children": [41, 42, 43, 44, 45, 46, 47, 48, 49, 50, 51, 52, 53, 54, 55, 56, 57, 58, 59, 60, 61, 62, 63, 64, 65, 66, 67, 68, 69, 70, 71, 72, 73, 74, 75, 76, 77, 78, 79, 80, 81, 82, 83, 84, 85, 86, 87, 88, 89, 90, 91, 92, 93, 94, 95]
		}
	]
}