{
	"credit": "Made with Blockbench",
	"texture_size": [18, 18],
	"textures": {
		"0": "extravanilla:item/soul_saber",
		"particle": "extravanilla:item/soul_saber"
	},
	"elements": [
		{
			"name": "handle fill",
			"from": [4, 0, 11],
			"to": [5, 1, 12],
			"faces": {
				"north": {"uv": [11.02223, 1.33333, 10.13334, 0.44444], "texture": "#0"},
				"east": {"uv": [11.02223, 1.33333, 10.13334, 0.44444], "texture": "#0"},
				"south": {"uv": [11.02223, 1.33333, 10.13334, 0.44444], "texture": "#0"},
				"west": {"uv": [11.02223, 1.33333, 10.13334, 0.44444], "texture": "#0"},
				"up": {"uv": [11.02223, 1.33333, 10.13334, 0.44444], "texture": "#0"},
				"down": {"uv": [11.02223, 1.33333, 10.13334, 0.44444], "texture": "#0"}
			}
		},
		{
			"name": "handle fill",
			"from": [3, 0, 12],
			"to": [4, 1, 13],
			"faces": {
				"north": {"uv": [2.13334, 1.33333, 1.24445, 0.44444], "texture": "#0"},
				"east": {"uv": [2.13334, 1.33333, 1.24445, 0.44444], "texture": "#0"},
				"south": {"uv": [2.13334, 1.33333, 1.24445, 0.44444], "texture": "#0"},
				"west": {"uv": [2.13334, 1.33333, 1.24445, 0.44444], "texture": "#0"},
				"up": {"uv": [2.13334, 1.33333, 1.24445, 0.44444], "texture": "#0"},
				"down": {"uv": [2.13334, 1.33333, 1.24445, 0.44444], "texture": "#0"}
			}
		},
		{
			"name": "handle fill",
			"from": [2, 0, 13],
			"to": [3, 1, 14],
			"faces": {
				"north": {"uv": [6.57778, 1.33333, 5.68889, 0.44444], "texture": "#0"},
				"east": {"uv": [6.57778, 1.33333, 5.68889, 0.44444], "texture": "#0"},
				"south": {"uv": [6.57778, 1.33333, 5.68889, 0.44444], "texture": "#0"},
				"west": {"uv": [6.57778, 1.33333, 5.68889, 0.44444], "texture": "#0"},
				"up": {"uv": [6.57778, 1.33333, 5.68889, 0.44444], "texture": "#0"},
				"down": {"uv": [6.57778, 1.33333, 5.68889, 0.44444], "texture": "#0"}
			}
		},
		{
			"name": "handle fill",
			"from": [1, 0, 14],
			"to": [2, 1, 15],
			"faces": {
				"north": {"uv": [6.57778, 1.33333, 5.68889, 0.44444], "texture": "#0"},
				"east": {"uv": [6.57778, 1.33333, 5.68889, 0.44444], "texture": "#0"},
				"south": {"uv": [6.57778, 1.33333, 5.68889, 0.44444], "texture": "#0"},
				"west": {"uv": [6.57778, 1.33333, 5.68889, 0.44444], "texture": "#0"},
				"up": {"uv": [6.57778, 1.33333, 5.68889, 0.44444], "texture": "#0"},
				"down": {"uv": [6.57778, 1.33333, 5.68889, 0.44444], "texture": "#0"}
			}
		},
		{
			"name": "handle fill",
			"from": [0, 0, 15],
			"to": [1, 1, 16],
			"faces": {
				"north": {"uv": [5.6889, 15.55555, 4.80001, 14.66666], "texture": "#0"},
				"east": {"uv": [5.6889, 15.55555, 4.80001, 14.66666], "texture": "#0"},
				"south": {"uv": [5.6889, 15.55555, 4.80001, 14.66666], "texture": "#0"},
				"west": {"uv": [5.6889, 15.55555, 4.80001, 14.66666], "texture": "#0"},
				"up": {"uv": [5.6889, 15.55555, 4.80001, 14.66666], "texture": "#0"},
				"down": {"uv": [5.6889, 15.55555, 4.80001, 14.66666], "texture": "#0"}
			}
		},
		{
			"name": "handle fill",
			"from": [-1, 0, 16],
			"to": [0, 1, 17],
			"faces": {
				"north": {"uv": [5.6889, 15.55555, 4.80001, 14.66666], "texture": "#0"},
				"east": {"uv": [5.6889, 15.55555, 4.80001, 14.66666], "texture": "#0"},
				"south": {"uv": [5.6889, 15.55555, 4.80001, 14.66666], "texture": "#0"},
				"west": {"uv": [5.6889, 15.55555, 4.80001, 14.66666], "texture": "#0"},
				"up": {"uv": [5.6889, 15.55555, 4.80001, 14.66666], "texture": "#0"},
				"down": {"uv": [5.6889, 15.55555, 4.80001, 14.66666], "texture": "#0"}
			}
		},
		{
			"name": "handle outline",
			"from": [2, 0, 12],
			"to": [3, 1, 13],
			"faces": {
				"north": {"uv": [2.13334, 6.66666, 1.24445, 5.77777], "texture": "#0"},
				"east": {"uv": [2.13334, 6.66666, 1.24445, 5.77777], "texture": "#0"},
				"south": {"uv": [2.13334, 6.66666, 1.24445, 5.77777], "texture": "#0"},
				"west": {"uv": [2.13334, 6.66666, 1.24445, 5.77777], "texture": "#0"},
				"up": {"uv": [2.13334, 6.66666, 1.24445, 5.77777], "texture": "#0"},
				"down": {"uv": [2.13334, 6.66666, 1.24445, 5.77777], "texture": "#0"}
			}
		},
		{
			"name": "handle outline",
			"from": [3, 0, 13],
			"to": [4, 1, 14],
			"faces": {
				"north": {"uv": [2.13334, 4.88889, 1.24445, 4], "texture": "#0"},
				"east": {"uv": [2.13334, 4.88889, 1.24445, 4], "texture": "#0"},
				"south": {"uv": [2.13334, 4.88889, 1.24445, 4], "texture": "#0"},
				"west": {"uv": [2.13334, 4.88889, 1.24445, 4], "texture": "#0"},
				"up": {"uv": [2.13334, 4.88889, 1.24445, 4], "texture": "#0"},
				"down": {"uv": [2.13334, 4.88889, 1.24445, 4], "texture": "#0"}
			}
		},
		{
			"name": "handle outline",
			"from": [4, 0, 12],
			"to": [5, 1, 13],
			"faces": {
				"north": {"uv": [2.13334, 4.88889, 1.24445, 4], "texture": "#0"},
				"east": {"uv": [2.13334, 4.88889, 1.24445, 4], "texture": "#0"},
				"south": {"uv": [2.13334, 4.88889, 1.24445, 4], "texture": "#0"},
				"west": {"uv": [2.13334, 4.88889, 1.24445, 4], "texture": "#0"},
				"up": {"uv": [2.13334, 4.88889, 1.24445, 4], "texture": "#0"},
				"down": {"uv": [2.13334, 4.88889, 1.24445, 4], "texture": "#0"}
			}
		},
		{
			"name": "handle outline",
			"from": [3, 0, 11],
			"to": [4, 1, 12],
			"faces": {
				"north": {"uv": [2.13334, 6.66666, 1.24445, 5.77777], "texture": "#0"},
				"east": {"uv": [2.13334, 6.66666, 1.24445, 5.77777], "texture": "#0"},
				"south": {"uv": [2.13334, 6.66666, 1.24445, 5.77777], "texture": "#0"},
				"west": {"uv": [2.13334, 6.66666, 1.24445, 5.77777], "texture": "#0"},
				"up": {"uv": [2.13334, 6.66666, 1.24445, 5.77777], "texture": "#0"},
				"down": {"uv": [2.13334, 6.66666, 1.24445, 5.77777], "texture": "#0"}
			}
		},
		{
			"name": "handle outline",
			"from": [4, 0, 10],
			"to": [5, 1, 11],
			"faces": {
				"north": {"uv": [2.13334, 6.66666, 1.24445, 5.77777], "texture": "#0"},
				"east": {"uv": [2.13334, 6.66666, 1.24445, 5.77777], "texture": "#0"},
				"south": {"uv": [2.13334, 6.66666, 1.24445, 5.77777], "texture": "#0"},
				"west": {"uv": [2.13334, 6.66666, 1.24445, 5.77777], "texture": "#0"},
				"up": {"uv": [2.13334, 6.66666, 1.24445, 5.77777], "texture": "#0"},
				"down": {"uv": [2.13334, 6.66666, 1.24445, 5.77777], "texture": "#0"}
			}
		},
		{
			"name": "handle outline",
			"from": [5, 0, 11],
			"to": [6, 1, 12],
			"faces": {
				"north": {"uv": [2.13334, 4.88889, 1.24445, 4], "texture": "#0"},
				"east": {"uv": [2.13334, 4.88889, 1.24445, 4], "texture": "#0"},
				"south": {"uv": [2.13334, 4.88889, 1.24445, 4], "texture": "#0"},
				"west": {"uv": [2.13334, 4.88889, 1.24445, 4], "texture": "#0"},
				"up": {"uv": [2.13334, 4.88889, 1.24445, 4], "texture": "#0"},
				"down": {"uv": [2.13334, 4.88889, 1.24445, 4], "texture": "#0"}
			}
		},
		{
			"name": "handle outline",
			"from": [2, 0, 14],
			"to": [3, 1, 15],
			"faces": {
				"north": {"uv": [2.13334, 4.88889, 1.24445, 4], "texture": "#0"},
				"east": {"uv": [2.13334, 4.88889, 1.24445, 4], "texture": "#0"},
				"south": {"uv": [2.13334, 4.88889, 1.24445, 4], "texture": "#0"},
				"west": {"uv": [2.13334, 4.88889, 1.24445, 4], "texture": "#0"},
				"up": {"uv": [2.13334, 4.88889, 1.24445, 4], "texture": "#0"},
				"down": {"uv": [2.13334, 4.88889, 1.24445, 4], "texture": "#0"}
			}
		},
		{
			"name": "handle outline",
			"from": [1, 0, 13],
			"to": [2, 1, 14],
			"faces": {
				"north": {"uv": [2.13334, 6.66666, 1.24445, 5.77777], "texture": "#0"},
				"east": {"uv": [2.13334, 6.66666, 1.24445, 5.77777], "texture": "#0"},
				"south": {"uv": [2.13334, 6.66666, 1.24445, 5.77777], "texture": "#0"},
				"west": {"uv": [2.13334, 6.66666, 1.24445, 5.77777], "texture": "#0"},
				"up": {"uv": [2.13334, 6.66666, 1.24445, 5.77777], "texture": "#0"},
				"down": {"uv": [2.13334, 6.66666, 1.24445, 5.77777], "texture": "#0"}
			}
		},
		{
			"name": "handle outline",
			"from": [0, 0, 14],
			"to": [1, 1, 15],
			"faces": {
				"north": {"uv": [2.13334, 6.66666, 1.24445, 5.77777], "texture": "#0"},
				"east": {"uv": [2.13334, 6.66666, 1.24445, 5.77777], "texture": "#0"},
				"south": {"uv": [2.13334, 6.66666, 1.24445, 5.77777], "texture": "#0"},
				"west": {"uv": [2.13334, 6.66666, 1.24445, 5.77777], "texture": "#0"},
				"up": {"uv": [2.13334, 6.66666, 1.24445, 5.77777], "texture": "#0"},
				"down": {"uv": [2.13334, 6.66666, 1.24445, 5.77777], "texture": "#0"}
			}
		},
		{
			"name": "handle outline",
			"from": [1, 0, 15],
			"to": [2, 1, 16],
			"faces": {
				"north": {"uv": [2.13334, 4.88889, 1.24445, 4], "texture": "#0"},
				"east": {"uv": [2.13334, 4.88889, 1.24445, 4], "texture": "#0"},
				"south": {"uv": [2.13334, 4.88889, 1.24445, 4], "texture": "#0"},
				"west": {"uv": [2.13334, 4.88889, 1.24445, 4], "texture": "#0"},
				"up": {"uv": [2.13334, 4.88889, 1.24445, 4], "texture": "#0"},
				"down": {"uv": [2.13334, 4.88889, 1.24445, 4], "texture": "#0"}
			}
		},
		{
			"name": "handle outline",
			"from": [-1, 0, 14],
			"to": [0, 1, 16],
			"faces": {
				"north": {"uv": [7.55556, 7.55555, 6.66667, 5.77777], "texture": "#0"},
				"east": {"uv": [7.55556, 7.55555, 6.66667, 5.77777], "texture": "#0"},
				"south": {"uv": [7.55556, 7.55555, 6.66667, 5.77777], "texture": "#0"},
				"west": {"uv": [7.55556, 7.55555, 6.66667, 5.77777], "texture": "#0"},
				"up": {"uv": [7.55556, 7.55555, 6.66667, 5.77777], "texture": "#0"},
				"down": {"uv": [7.55556, 7.55555, 6.66667, 5.77777], "texture": "#0"}
			}
		},
		{
			"name": "handle outline",
			"from": [0, 0, 16],
			"to": [2, 1, 17],
			"faces": {
				"north": {"uv": [7.46667, 4.88889, 5.68889, 4], "texture": "#0"},
				"east": {"uv": [7.46667, 4.88889, 5.68889, 4], "texture": "#0"},
				"south": {"uv": [7.46667, 4.88889, 5.68889, 4], "texture": "#0"},
				"west": {"uv": [7.46667, 4.88889, 5.68889, 4], "texture": "#0"},
				"up": {"uv": [7.46667, 4.88889, 5.68889, 4], "texture": "#0"},
				"down": {"uv": [7.46667, 4.88889, 5.68889, 4], "texture": "#0"}
			}
		},
		{
			"name": "handle detail",
			"from": [-1.25, 0.25, 14.25],
			"to": [1.75, 0.75, 17.25],
			"faces": {
				"north": {"uv": [5.33333, 16, 2.66667, 13.33333], "texture": "#0"},
				"east": {"uv": [5.33333, 16, 2.66667, 13.33333], "texture": "#0"},
				"south": {"uv": [5.33333, 16, 2.66667, 13.33333], "texture": "#0"},
				"west": {"uv": [5.33333, 16, 2.66667, 13.33333], "texture": "#0"},
				"up": {"uv": [5.33333, 16, 2.66667, 13.33333], "texture": "#0"},
				"down": {"uv": [5.33333, 16, 2.66667, 13.33333], "texture": "#0"}
			}
		},
		{
			"name": "sword detail",
			"from": [16, 0, 0],
			"to": [17, 1, 2],
			"faces": {
				"north": {"uv": [8.35556, 10.22222, 7.46667, 8.44444], "texture": "#0"},
				"east": {"uv": [8.35556, 10.22222, 7.46667, 8.44444], "texture": "#0"},
				"south": {"uv": [8.35556, 10.22222, 7.46667, 8.44444], "texture": "#0"},
				"west": {"uv": [8.35556, 10.22222, 7.46667, 8.44444], "texture": "#0"},
				"up": {"uv": [8.35556, 10.22222, 7.46667, 8.44444], "texture": "#0"},
				"down": {"uv": [8.35556, 10.22222, 7.46667, 8.44444], "texture": "#0"}
			}
		},
		{
			"name": "sword detail",
			"from": [15, 0, 1],
			"to": [16, 1, 3],
			"faces": {
				"north": {"uv": [8.35556, 7.55555, 7.46667, 5.77777], "texture": "#0"},
				"east": {"uv": [8.35556, 7.55555, 7.46667, 5.77777], "texture": "#0"},
				"south": {"uv": [8.35556, 7.55555, 7.46667, 5.77777], "texture": "#0"},
				"west": {"uv": [8.35556, 7.55555, 7.46667, 5.77777], "texture": "#0"},
				"up": {"uv": [8.35556, 7.55555, 7.46667, 5.77777], "texture": "#0"},
				"down": {"uv": [8.35556, 7.55555, 7.46667, 5.77777], "texture": "#0"}
			}
		},
		{
			"name": "sword detail",
			"from": [14, 0, -1],
			"to": [17, 1, 0],
			"faces": {
				"north": {"uv": [8.44445, 10.22222, 5.77778, 9.33333], "texture": "#0"},
				"east": {"uv": [8.44445, 10.22222, 5.77778, 9.33333], "texture": "#0"},
				"south": {"uv": [8.44445, 10.22222, 5.77778, 9.33333], "texture": "#0"},
				"west": {"uv": [8.44445, 10.22222, 5.77778, 9.33333], "texture": "#0"},
				"up": {"uv": [8.44445, 10.22222, 5.77778, 9.33333], "texture": "#0"},
				"down": {"uv": [8.44445, 10.22222, 5.77778, 9.33333], "texture": "#0"}
			}
		},
		{
			"name": "sword detail",
			"from": [13, 0, 0],
			"to": [16, 1, 1],
			"faces": {
				"north": {"uv": [8.35556, 7.55555, 5.68889, 6.66666], "texture": "#0"},
				"east": {"uv": [8.35556, 7.55555, 5.68889, 6.66666], "texture": "#0"},
				"south": {"uv": [8.35556, 7.55555, 5.68889, 6.66666], "texture": "#0"},
				"west": {"uv": [8.35556, 7.55555, 5.68889, 6.66666], "texture": "#0"},
				"up": {"uv": [8.35556, 7.55555, 5.68889, 6.66666], "texture": "#0"},
				"down": {"uv": [8.35556, 7.55555, 5.68889, 6.66666], "texture": "#0"}
			}
		},
		{
			"name": "sword detail",
			"from": [14, 0, 2],
			"to": [15, 1, 4],
			"faces": {
				"north": {"uv": [8.35556, 4.88889, 7.46667, 3.11111], "texture": "#0"},
				"east": {"uv": [8.35556, 4.88889, 7.46667, 3.11111], "texture": "#0"},
				"south": {"uv": [8.35556, 4.88889, 7.46667, 3.11111], "texture": "#0"},
				"west": {"uv": [8.35556, 4.88889, 7.46667, 3.11111], "texture": "#0"},
				"up": {"uv": [8.35556, 4.88889, 7.46667, 3.11111], "texture": "#0"},
				"down": {"uv": [8.35556, 4.88889, 7.46667, 3.11111], "texture": "#0"}
			}
		},
		{
			"name": "sword detail",
			"from": [12, 0, 1],
			"to": [15, 1, 2],
			"faces": {
				"north": {"uv": [8.35556, 4.88889, 5.68889, 4], "texture": "#0"},
				"east": {"uv": [8.35556, 4.88889, 5.68889, 4], "texture": "#0"},
				"south": {"uv": [8.35556, 4.88889, 5.68889, 4], "texture": "#0"},
				"west": {"uv": [8.35556, 4.88889, 5.68889, 4], "texture": "#0"},
				"up": {"uv": [8.35556, 4.88889, 5.68889, 4], "texture": "#0"},
				"down": {"uv": [8.35556, 4.88889, 5.68889, 4], "texture": "#0"}
			}
		},
		{
			"name": "sword detail",
			"from": [7, 0, 8],
			"to": [8, 1, 9],
			"faces": {
				"north": {"uv": [13.6889, 15.55555, 12.80001, 14.66666], "texture": "#0"},
				"east": {"uv": [13.6889, 15.55555, 12.80001, 14.66666], "texture": "#0"},
				"south": {"uv": [13.6889, 15.55555, 12.80001, 14.66666], "texture": "#0"},
				"west": {"uv": [13.6889, 15.55555, 12.80001, 14.66666], "texture": "#0"},
				"up": {"uv": [13.6889, 15.55555, 12.80001, 14.66666], "texture": "#0"},
				"down": {"uv": [13.6889, 15.55555, 12.80001, 14.66666], "texture": "#0"}
			}
		},
		{
			"name": "sword detail",
			"from": [6, 0, 8],
			"to": [7, 1, 9],
			"faces": {
				"north": {"uv": [2.13334, 4.88889, 1.24445, 4], "texture": "#0"},
				"east": {"uv": [2.13334, 4.88889, 1.24445, 4], "texture": "#0"},
				"south": {"uv": [2.13334, 4.88889, 1.24445, 4], "texture": "#0"},
				"west": {"uv": [2.13334, 4.88889, 1.24445, 4], "texture": "#0"},
				"up": {"uv": [2.13334, 4.88889, 1.24445, 4], "texture": "#0"},
				"down": {"uv": [2.13334, 4.88889, 1.24445, 4], "texture": "#0"}
			}
		},
		{
			"name": "sword detail",
			"from": [7, 0, 9],
			"to": [8, 1, 10],
			"faces": {
				"north": {"uv": [13.6889, 15.55555, 12.80001, 14.66666], "texture": "#0"},
				"east": {"uv": [13.6889, 15.55555, 12.80001, 14.66666], "texture": "#0"},
				"south": {"uv": [13.6889, 15.55555, 12.80001, 14.66666], "texture": "#0"},
				"west": {"uv": [13.6889, 15.55555, 12.80001, 14.66666], "texture": "#0"},
				"up": {"uv": [13.6889, 15.55555, 12.80001, 14.66666], "texture": "#0"},
				"down": {"uv": [13.6889, 15.55555, 12.80001, 14.66666], "texture": "#0"}
			}
		},
		{
			"name": "sword detail",
			"from": [8, 0, 8],
			"to": [9, 1, 9],
			"faces": {
				"north": {"uv": [13.6889, 15.55555, 12.80001, 14.66666], "texture": "#0"},
				"east": {"uv": [13.6889, 15.55555, 12.80001, 14.66666], "texture": "#0"},
				"south": {"uv": [13.6889, 15.55555, 12.80001, 14.66666], "texture": "#0"},
				"west": {"uv": [13.6889, 15.55555, 12.80001, 14.66666], "texture": "#0"},
				"up": {"uv": [13.6889, 15.55555, 12.80001, 14.66666], "texture": "#0"},
				"down": {"uv": [13.6889, 15.55555, 12.80001, 14.66666], "texture": "#0"}
			}
		},
		{
			"name": "sword detail",
			"from": [7, 0, 7],
			"to": [8, 1, 8],
			"faces": {
				"north": {"uv": [2.13334, 4.88889, 1.24445, 4], "texture": "#0"},
				"east": {"uv": [2.13334, 4.88889, 1.24445, 4], "texture": "#0"},
				"south": {"uv": [2.13334, 4.88889, 1.24445, 4], "texture": "#0"},
				"west": {"uv": [2.13334, 4.88889, 1.24445, 4], "texture": "#0"},
				"up": {"uv": [2.13334, 4.88889, 1.24445, 4], "texture": "#0"},
				"down": {"uv": [2.13334, 4.88889, 1.24445, 4], "texture": "#0"}
			}
		},
		{
			"name": "sword detail",
			"from": [8, 0, 7],
			"to": [9, 1, 8],
			"faces": {
				"north": {"uv": [13.6889, 15.55555, 12.80001, 14.66666], "texture": "#0"},
				"east": {"uv": [13.6889, 15.55555, 12.80001, 14.66666], "texture": "#0"},
				"south": {"uv": [13.6889, 15.55555, 12.80001, 14.66666], "texture": "#0"},
				"west": {"uv": [13.6889, 15.55555, 12.80001, 14.66666], "texture": "#0"},
				"up": {"uv": [13.6889, 15.55555, 12.80001, 14.66666], "texture": "#0"},
				"down": {"uv": [13.6889, 15.55555, 12.80001, 14.66666], "texture": "#0"}
			}
		},
		{
			"name": "sword detail",
			"from": [8, 0, 6],
			"to": [9, 1, 7],
			"faces": {
				"north": {"uv": [2.13334, 4.88889, 1.24445, 4], "texture": "#0"},
				"east": {"uv": [2.13334, 4.88889, 1.24445, 4], "texture": "#0"},
				"south": {"uv": [2.13334, 4.88889, 1.24445, 4], "texture": "#0"},
				"west": {"uv": [2.13334, 4.88889, 1.24445, 4], "texture": "#0"},
				"up": {"uv": [2.13334, 4.88889, 1.24445, 4], "texture": "#0"},
				"down": {"uv": [2.13334, 4.88889, 1.24445, 4], "texture": "#0"}
			}
		},
		{
			"name": "sword detail",
			"from": [10, 0, 6],
			"to": [11, 1, 7],
			"faces": {
				"north": {"uv": [13.6889, 15.55555, 12.80001, 14.66666], "texture": "#0"},
				"east": {"uv": [13.6889, 15.55555, 12.80001, 14.66666], "texture": "#0"},
				"south": {"uv": [13.6889, 15.55555, 12.80001, 14.66666], "texture": "#0"},
				"west": {"uv": [13.6889, 15.55555, 12.80001, 14.66666], "texture": "#0"},
				"up": {"uv": [13.6889, 15.55555, 12.80001, 14.66666], "texture": "#0"},
				"down": {"uv": [13.6889, 15.55555, 12.80001, 14.66666], "texture": "#0"}
			}
		},
		{
			"name": "sword detail",
			"from": [6, 0, 7],
			"to": [7, 1, 8],
			"faces": {
				"north": {"uv": [2.13334, 4.88889, 1.24445, 4], "texture": "#0"},
				"east": {"uv": [2.13334, 4.88889, 1.24445, 4], "texture": "#0"},
				"south": {"uv": [2.13334, 4.88889, 1.24445, 4], "texture": "#0"},
				"west": {"uv": [2.13334, 4.88889, 1.24445, 4], "texture": "#0"},
				"up": {"uv": [2.13334, 4.88889, 1.24445, 4], "texture": "#0"},
				"down": {"uv": [2.13334, 4.88889, 1.24445, 4], "texture": "#0"}
			}
		},
		{
			"name": "sword detail",
			"from": [7, 0, 6],
			"to": [8, 1, 7],
			"faces": {
				"north": {"uv": [2.13334, 4.88889, 1.24445, 4], "texture": "#0"},
				"east": {"uv": [2.13334, 4.88889, 1.24445, 4], "texture": "#0"},
				"south": {"uv": [2.13334, 4.88889, 1.24445, 4], "texture": "#0"},
				"west": {"uv": [2.13334, 4.88889, 1.24445, 4], "texture": "#0"},
				"up": {"uv": [2.13334, 4.88889, 1.24445, 4], "texture": "#0"},
				"down": {"uv": [2.13334, 4.88889, 1.24445, 4], "texture": "#0"}
			}
		},
		{
			"name": "sword detail",
			"from": [9, 0, 8],
			"to": [10, 1, 9],
			"faces": {
				"north": {"uv": [14.57778, 10.22222, 13.68889, 9.33333], "texture": "#0"},
				"east": {"uv": [14.57778, 10.22222, 13.68889, 9.33333], "texture": "#0"},
				"south": {"uv": [14.57778, 10.22222, 13.68889, 9.33333], "texture": "#0"},
				"west": {"uv": [14.57778, 10.22222, 13.68889, 9.33333], "texture": "#0"},
				"up": {"uv": [14.57778, 10.22222, 13.68889, 9.33333], "texture": "#0"},
				"down": {"uv": [14.57778, 10.22222, 13.68889, 9.33333], "texture": "#0"}
			}
		},
		{
			"name": "sword detail",
			"from": [8, 0, 9],
			"to": [9, 1, 10],
			"faces": {
				"north": {"uv": [14.57778, 10.22222, 13.68889, 9.33333], "texture": "#0"},
				"east": {"uv": [14.57778, 10.22222, 13.68889, 9.33333], "texture": "#0"},
				"south": {"uv": [14.57778, 10.22222, 13.68889, 9.33333], "texture": "#0"},
				"west": {"uv": [14.57778, 10.22222, 13.68889, 9.33333], "texture": "#0"},
				"up": {"uv": [14.57778, 10.22222, 13.68889, 9.33333], "texture": "#0"},
				"down": {"uv": [14.57778, 10.22222, 13.68889, 9.33333], "texture": "#0"}
			}
		},
		{
			"name": "sword detail",
			"from": [11, 0, 6],
			"to": [12, 1, 7],
			"faces": {
				"north": {"uv": [14.57778, 10.22222, 13.68889, 9.33333], "texture": "#0"},
				"east": {"uv": [14.57778, 10.22222, 13.68889, 9.33333], "texture": "#0"},
				"south": {"uv": [14.57778, 10.22222, 13.68889, 9.33333], "texture": "#0"},
				"west": {"uv": [14.57778, 10.22222, 13.68889, 9.33333], "texture": "#0"},
				"up": {"uv": [14.57778, 10.22222, 13.68889, 9.33333], "texture": "#0"},
				"down": {"uv": [14.57778, 10.22222, 13.68889, 9.33333], "texture": "#0"}
			}
		},
		{
			"name": "sword detail",
			"from": [9, 0, 5],
			"to": [10, 1, 6],
			"faces": {
				"north": {"uv": [2.13334, 4.88889, 1.24445, 4], "texture": "#0"},
				"east": {"uv": [2.13334, 4.88889, 1.24445, 4], "texture": "#0"},
				"south": {"uv": [2.13334, 4.88889, 1.24445, 4], "texture": "#0"},
				"west": {"uv": [2.13334, 4.88889, 1.24445, 4], "texture": "#0"},
				"up": {"uv": [2.13334, 4.88889, 1.24445, 4], "texture": "#0"},
				"down": {"uv": [2.13334, 4.88889, 1.24445, 4], "texture": "#0"}
			}
		},
		{
			"name": "sword detail",
			"from": [13, 0, 2],
			"to": [14, 1, 3],
			"faces": {
				"north": {"uv": [13.6889, 15.55555, 12.80001, 14.66666], "texture": "#0"},
				"east": {"uv": [13.6889, 15.55555, 12.80001, 14.66666], "texture": "#0"},
				"south": {"uv": [13.6889, 15.55555, 12.80001, 14.66666], "texture": "#0"},
				"west": {"uv": [13.6889, 15.55555, 12.80001, 14.66666], "texture": "#0"},
				"up": {"uv": [13.6889, 15.55555, 12.80001, 14.66666], "texture": "#0"},
				"down": {"uv": [13.6889, 15.55555, 12.80001, 14.66666], "texture": "#0"}
			}
		},
		{
			"name": "sword detail",
			"from": [11, 0, 4],
			"to": [12, 1, 5],
			"faces": {
				"north": {"uv": [13.6889, 15.55555, 12.80001, 14.66666], "texture": "#0"},
				"east": {"uv": [13.6889, 15.55555, 12.80001, 14.66666], "texture": "#0"},
				"south": {"uv": [13.6889, 15.55555, 12.80001, 14.66666], "texture": "#0"},
				"west": {"uv": [13.6889, 15.55555, 12.80001, 14.66666], "texture": "#0"},
				"up": {"uv": [13.6889, 15.55555, 12.80001, 14.66666], "texture": "#0"},
				"down": {"uv": [13.6889, 15.55555, 12.80001, 14.66666], "texture": "#0"}
			}
		},
		{
			"name": "sword particles",
			"from": [8, 0.25, 5],
			"to": [9, 0.75, 6],
			"faces": {
				"north": {"uv": [4.8889, 15.37777, 4.00001, 14.48888], "texture": "#0"},
				"east": {"uv": [4.8889, 15.37777, 4.00001, 14.48888], "texture": "#0"},
				"south": {"uv": [4.8889, 15.37777, 4.00001, 14.48888], "texture": "#0"},
				"west": {"uv": [4.8889, 15.37777, 4.00001, 14.48888], "texture": "#0"},
				"up": {"uv": [4.8889, 15.37777, 4.00001, 14.48888], "texture": "#0"},
				"down": {"uv": [4.8889, 15.37777, 4.00001, 14.48888], "texture": "#0"}
			}
		},
		{
			"name": "sword particles",
			"from": [9, 0.25, 6],
			"to": [10, 0.75, 7],
			"faces": {
				"north": {"uv": [2.22223, 1.37777, 1.33334, 0.48888], "texture": "#0"},
				"east": {"uv": [2.22223, 1.37777, 1.33334, 0.48888], "texture": "#0"},
				"south": {"uv": [2.22223, 1.37777, 1.33334, 0.48888], "texture": "#0"},
				"west": {"uv": [2.22223, 1.37777, 1.33334, 0.48888], "texture": "#0"},
				"up": {"uv": [2.22223, 1.37777, 1.33334, 0.48888], "texture": "#0"},
				"down": {"uv": [2.22223, 1.37777, 1.33334, 0.48888], "texture": "#0"}
			}
		},
		{
			"name": "sword particles",
			"from": [10, 0.25, 7],
			"to": [11, 0.75, 8],
			"faces": {
				"north": {"uv": [4.8889, 15.37777, 4.00001, 14.48888], "texture": "#0"},
				"east": {"uv": [4.8889, 15.37777, 4.00001, 14.48888], "texture": "#0"},
				"south": {"uv": [4.8889, 15.37777, 4.00001, 14.48888], "texture": "#0"},
				"west": {"uv": [4.8889, 15.37777, 4.00001, 14.48888], "texture": "#0"},
				"up": {"uv": [4.8889, 15.37777, 4.00001, 14.48888], "texture": "#0"},
				"down": {"uv": [4.8889, 15.37777, 4.00001, 14.48888], "texture": "#0"}
			}
		},
		{
			"name": "sword particles",
			"from": [9, 0.25, 7],
			"to": [10, 0.75, 8],
			"faces": {
				"north": {"uv": [6.66667, 1.37777, 5.77778, 0.48888], "texture": "#0"},
				"east": {"uv": [6.66667, 1.37777, 5.77778, 0.48888], "texture": "#0"},
				"south": {"uv": [6.66667, 1.37777, 5.77778, 0.48888], "texture": "#0"},
				"west": {"uv": [6.66667, 1.37777, 5.77778, 0.48888], "texture": "#0"},
				"up": {"uv": [6.66667, 1.37777, 5.77778, 0.48888], "texture": "#0"},
				"down": {"uv": [6.66667, 1.37777, 5.77778, 0.48888], "texture": "#0"}
			}
		},
		{
			"name": "sword particles",
			"from": [9, 0.25, 4],
			"to": [10, 0.75, 5],
			"faces": {
				"north": {"uv": [6.66667, 1.37777, 5.77778, 0.48888], "texture": "#0"},
				"east": {"uv": [6.66667, 1.37777, 5.77778, 0.48888], "texture": "#0"},
				"south": {"uv": [6.66667, 1.37777, 5.77778, 0.48888], "texture": "#0"},
				"west": {"uv": [6.66667, 1.37777, 5.77778, 0.48888], "texture": "#0"},
				"up": {"uv": [6.66667, 1.37777, 5.77778, 0.48888], "texture": "#0"},
				"down": {"uv": [6.66667, 1.37777, 5.77778, 0.48888], "texture": "#0"}
			}
		},
		{
			"name": "sword particles",
			"from": [10, 0.25, 5],
			"to": [11, 0.75, 6],
			"faces": {
				"north": {"uv": [2.22223, 1.37777, 1.33334, 0.48888], "texture": "#0"},
				"east": {"uv": [2.22223, 1.37777, 1.33334, 0.48888], "texture": "#0"},
				"south": {"uv": [2.22223, 1.37777, 1.33334, 0.48888], "texture": "#0"},
				"west": {"uv": [2.22223, 1.37777, 1.33334, 0.48888], "texture": "#0"},
				"up": {"uv": [2.22223, 1.37777, 1.33334, 0.48888], "texture": "#0"},
				"down": {"uv": [2.22223, 1.37777, 1.33334, 0.48888], "texture": "#0"}
			}
		},
		{
			"name": "sword particles",
			"from": [11, 0.25, 5],
			"to": [12, 0.75, 6],
			"faces": {
				"north": {"uv": [4.8889, 15.37777, 4.00001, 14.48888], "texture": "#0"},
				"east": {"uv": [4.8889, 15.37777, 4.00001, 14.48888], "texture": "#0"},
				"south": {"uv": [4.8889, 15.37777, 4.00001, 14.48888], "texture": "#0"},
				"west": {"uv": [4.8889, 15.37777, 4.00001, 14.48888], "texture": "#0"},
				"up": {"uv": [4.8889, 15.37777, 4.00001, 14.48888], "texture": "#0"},
				"down": {"uv": [4.8889, 15.37777, 4.00001, 14.48888], "texture": "#0"}
			}
		},
		{
			"name": "sword particles",
			"from": [12, 0.25, 4],
			"to": [13, 0.75, 5],
			"faces": {
				"north": {"uv": [11.11112, 1.37777, 10.22223, 0.48888], "texture": "#0"},
				"east": {"uv": [11.11112, 1.37777, 10.22223, 0.48888], "texture": "#0"},
				"south": {"uv": [11.11112, 1.37777, 10.22223, 0.48888], "texture": "#0"},
				"west": {"uv": [11.11112, 1.37777, 10.22223, 0.48888], "texture": "#0"},
				"up": {"uv": [11.11112, 1.37777, 10.22223, 0.48888], "texture": "#0"},
				"down": {"uv": [11.11112, 1.37777, 10.22223, 0.48888], "texture": "#0"}
			}
		},
		{
			"name": "sword particles",
			"from": [10, 0.25, 4],
			"to": [11, 0.75, 5],
			"faces": {
				"north": {"uv": [6.66667, 1.37777, 5.77778, 0.48888], "texture": "#0"},
				"east": {"uv": [6.66667, 1.37777, 5.77778, 0.48888], "texture": "#0"},
				"south": {"uv": [6.66667, 1.37777, 5.77778, 0.48888], "texture": "#0"},
				"west": {"uv": [6.66667, 1.37777, 5.77778, 0.48888], "texture": "#0"},
				"up": {"uv": [6.66667, 1.37777, 5.77778, 0.48888], "texture": "#0"},
				"down": {"uv": [6.66667, 1.37777, 5.77778, 0.48888], "texture": "#0"}
			}
		},
		{
			"name": "sword particles",
			"from": [10, 0.25, 3],
			"to": [11, 0.75, 4],
			"faces": {
				"north": {"uv": [4.8889, 15.37777, 4.00001, 14.48888], "texture": "#0"},
				"east": {"uv": [4.8889, 15.37777, 4.00001, 14.48888], "texture": "#0"},
				"south": {"uv": [4.8889, 15.37777, 4.00001, 14.48888], "texture": "#0"},
				"west": {"uv": [4.8889, 15.37777, 4.00001, 14.48888], "texture": "#0"},
				"up": {"uv": [4.8889, 15.37777, 4.00001, 14.48888], "texture": "#0"},
				"down": {"uv": [4.8889, 15.37777, 4.00001, 14.48888], "texture": "#0"}
			}
		},
		{
			"name": "sword particles",
			"from": [11, 0.25, 3],
			"to": [12, 0.75, 4],
			"faces": {
				"north": {"uv": [2.22223, 1.15555, 1.33334, 0.26666], "texture": "#0"},
				"east": {"uv": [2.22223, 1.15555, 1.33334, 0.26666], "texture": "#0"},
				"south": {"uv": [2.22223, 1.15555, 1.33334, 0.26666], "texture": "#0"},
				"west": {"uv": [2.22223, 1.15555, 1.33334, 0.26666], "texture": "#0"},
				"up": {"uv": [2.22223, 1.15555, 1.33334, 0.26666], "texture": "#0"},
				"down": {"uv": [2.22223, 1.15555, 1.33334, 0.26666], "texture": "#0"}
			}
		},
		{
			"name": "sword particles",
			"from": [11, 0.25, 2],
			"to": [12, 0.75, 3],
			"faces": {
				"north": {"uv": [6.66667, 1.37777, 5.77778, 0.48888], "texture": "#0"},
				"east": {"uv": [6.66667, 1.37777, 5.77778, 0.48888], "texture": "#0"},
				"south": {"uv": [6.66667, 1.37777, 5.77778, 0.48888], "texture": "#0"},
				"west": {"uv": [6.66667, 1.37777, 5.77778, 0.48888], "texture": "#0"},
				"up": {"uv": [6.66667, 1.37777, 5.77778, 0.48888], "texture": "#0"},
				"down": {"uv": [6.66667, 1.37777, 5.77778, 0.48888], "texture": "#0"}
			}
		},
		{
			"name": "sword particles",
			"from": [12, 0.25, 3],
			"to": [13, 0.75, 4],
			"faces": {
				"north": {"uv": [2.22223, 1.37777, 1.33334, 0.48888], "texture": "#0"},
				"east": {"uv": [2.22223, 1.37777, 1.33334, 0.48888], "texture": "#0"},
				"south": {"uv": [2.22223, 1.37777, 1.33334, 0.48888], "texture": "#0"},
				"west": {"uv": [2.22223, 1.37777, 1.33334, 0.48888], "texture": "#0"},
				"up": {"uv": [2.22223, 1.37777, 1.33334, 0.48888], "texture": "#0"},
				"down": {"uv": [2.22223, 1.37777, 1.33334, 0.48888], "texture": "#0"}
			}
		},
		{
			"name": "sword particles",
			"from": [13, 0.25, 3],
			"to": [14, 0.75, 4],
			"faces": {
				"north": {"uv": [4.8889, 15.37777, 4.00001, 14.48888], "texture": "#0"},
				"east": {"uv": [4.8889, 15.37777, 4.00001, 14.48888], "texture": "#0"},
				"south": {"uv": [4.8889, 15.37777, 4.00001, 14.48888], "texture": "#0"},
				"west": {"uv": [4.8889, 15.37777, 4.00001, 14.48888], "texture": "#0"},
				"up": {"uv": [4.8889, 15.37777, 4.00001, 14.48888], "texture": "#0"},
				"down": {"uv": [4.8889, 15.37777, 4.00001, 14.48888], "texture": "#0"}
			}
		},
		{
			"name": "sword particles",
			"from": [13, 0.25, 4],
			"to": [14, 0.75, 5],
			"faces": {
				"north": {"uv": [6.66667, 1.37777, 5.77778, 0.48888], "texture": "#0"},
				"east": {"uv": [6.66667, 1.37777, 5.77778, 0.48888], "texture": "#0"},
				"south": {"uv": [6.66667, 1.37777, 5.77778, 0.48888], "texture": "#0"},
				"west": {"uv": [6.66667, 1.37777, 5.77778, 0.48888], "texture": "#0"},
				"up": {"uv": [6.66667, 1.37777, 5.77778, 0.48888], "texture": "#0"},
				"down": {"uv": [6.66667, 1.37777, 5.77778, 0.48888], "texture": "#0"}
			}
		},
		{
			"name": "sword particles",
			"from": [12, 0.25, 2],
			"to": [13, 0.75, 3],
			"faces": {
				"north": {"uv": [11.11112, 1.37777, 10.22223, 0.48888], "texture": "#0"},
				"east": {"uv": [11.11112, 1.37777, 10.22223, 0.48888], "texture": "#0"},
				"south": {"uv": [11.11112, 1.37777, 10.22223, 0.48888], "texture": "#0"},
				"west": {"uv": [11.11112, 1.37777, 10.22223, 0.48888], "texture": "#0"},
				"up": {"uv": [11.11112, 1.37777, 10.22223, 0.48888], "texture": "#0"},
				"down": {"uv": [11.11112, 1.37777, 10.22223, 0.48888], "texture": "#0"}
			}
		},
		{
			"name": "sword particles",
			"from": [12, 0.25, 5],
			"to": [13, 0.75, 6],
			"faces": {
				"north": {"uv": [6.66667, 1.37777, 5.77778, 0.48888], "texture": "#0"},
				"east": {"uv": [6.66667, 1.37777, 5.77778, 0.48888], "texture": "#0"},
				"south": {"uv": [6.66667, 1.37777, 5.77778, 0.48888], "texture": "#0"},
				"west": {"uv": [6.66667, 1.37777, 5.77778, 0.48888], "texture": "#0"},
				"up": {"uv": [6.66667, 1.37777, 5.77778, 0.48888], "texture": "#0"},
				"down": {"uv": [6.66667, 1.37777, 5.77778, 0.48888], "texture": "#0"}
			}
		},
		{
			"name": "sword outline",
			"from": [13.85, 0.45, -1.15],
			"to": [17.15, 0.55, 2.15],
			"faces": {
				"north": {"uv": [5.42222, 15.73333, 3.64445, 13.95555], "texture": "#0"},
				"east": {"uv": [5.42222, 15.73333, 3.64445, 13.95555], "texture": "#0"},
				"south": {"uv": [5.42222, 15.73333, 3.64445, 13.95555], "texture": "#0"},
				"west": {"uv": [5.42222, 15.73333, 3.64445, 13.95555], "texture": "#0"},
				"up": {"uv": [5.42222, 15.73333, 3.64445, 13.95555], "texture": "#0"},
				"down": {"uv": [5.42222, 15.73333, 3.64445, 13.95555], "texture": "#0"}
			}
		},
		{
			"name": "sword outline",
			"from": [12.85, 0.45, -0.15],
			"to": [16.15, 0.55, 3.15],
			"faces": {
				"north": {"uv": [5.42222, 15.73333, 3.64445, 13.95555], "texture": "#0"},
				"east": {"uv": [5.42222, 15.73333, 3.64445, 13.95555], "texture": "#0"},
				"south": {"uv": [5.42222, 15.73333, 3.64445, 13.95555], "texture": "#0"},
				"west": {"uv": [5.42222, 15.73333, 3.64445, 13.95555], "texture": "#0"},
				"up": {"uv": [5.42222, 15.73333, 3.64445, 13.95555], "texture": "#0"},
				"down": {"uv": [5.42222, 15.73333, 3.64445, 13.95555], "texture": "#0"}
			}
		},
		{
			"name": "sword outline",
			"from": [11.85, 0.45, 0.85],
			"to": [15.15, 0.55, 4.15],
			"faces": {
				"north": {"uv": [5.42222, 15.73333, 3.64445, 13.95555], "texture": "#0"},
				"east": {"uv": [5.42222, 15.73333, 3.64445, 13.95555], "texture": "#0"},
				"south": {"uv": [5.42222, 15.73333, 3.64445, 13.95555], "texture": "#0"},
				"west": {"uv": [5.42222, 15.73333, 3.64445, 13.95555], "texture": "#0"},
				"up": {"uv": [5.42222, 15.73333, 3.64445, 13.95555], "texture": "#0"},
				"down": {"uv": [5.42222, 15.73333, 3.64445, 13.95555], "texture": "#0"}
			}
		},
		{
			"name": "sword outline",
			"from": [10.85, 0.45, 1.85],
			"to": [14.15, 0.55, 5.15],
			"faces": {
				"north": {"uv": [5.42222, 15.73333, 3.64445, 13.95555], "texture": "#0"},
				"east": {"uv": [5.42222, 15.73333, 3.64445, 13.95555], "texture": "#0"},
				"south": {"uv": [5.42222, 15.73333, 3.64445, 13.95555], "texture": "#0"},
				"west": {"uv": [5.42222, 15.73333, 3.64445, 13.95555], "texture": "#0"},
				"up": {"uv": [5.42222, 15.73333, 3.64445, 13.95555], "texture": "#0"},
				"down": {"uv": [5.42222, 15.73333, 3.64445, 13.95555], "texture": "#0"}
			}
		},
		{
			"name": "sword outline",
			"from": [9.85, 0.45, 2.85],
			"to": [13.15, 0.55, 6.15],
			"faces": {
				"north": {"uv": [5.42222, 15.73333, 3.64445, 13.95555], "texture": "#0"},
				"east": {"uv": [5.42222, 15.73333, 3.64445, 13.95555], "texture": "#0"},
				"south": {"uv": [5.42222, 15.73333, 3.64445, 13.95555], "texture": "#0"},
				"west": {"uv": [5.42222, 15.73333, 3.64445, 13.95555], "texture": "#0"},
				"up": {"uv": [5.42222, 15.73333, 3.64445, 13.95555], "texture": "#0"},
				"down": {"uv": [5.42222, 15.73333, 3.64445, 13.95555], "texture": "#0"}
			}
		},
		{
			"name": "sword outline",
			"from": [8.85, 0.45, 3.85],
			"to": [12.15, 0.55, 7.15],
			"faces": {
				"north": {"uv": [5.51111, 15.37778, 4.62223, 14.48889], "texture": "#0"},
				"east": {"uv": [5.51111, 15.37778, 4.62223, 14.48889], "texture": "#0"},
				"south": {"uv": [5.51111, 15.37778, 4.62223, 14.48889], "texture": "#0"},
				"west": {"uv": [5.51111, 15.37778, 4.62223, 14.48889], "texture": "#0"},
				"up": {"uv": [5.51111, 15.37778, 4.62223, 14.48889], "texture": "#0"},
				"down": {"uv": [5.51111, 15.37778, 4.62223, 14.48889], "texture": "#0"}
			}
		},
		{
			"name": "sword outline",
			"from": [7.85, 0.45, 4.85],
			"to": [11.15, 0.55, 8.15],
			"faces": {
				"north": {"uv": [5.42222, 15.73333, 3.64445, 13.95555], "texture": "#0"},
				"east": {"uv": [5.42222, 15.73333, 3.64445, 13.95555], "texture": "#0"},
				"south": {"uv": [5.42222, 15.73333, 3.64445, 13.95555], "texture": "#0"},
				"west": {"uv": [5.42222, 15.73333, 3.64445, 13.95555], "texture": "#0"},
				"up": {"uv": [5.42222, 15.73333, 3.64445, 13.95555], "texture": "#0"},
				"down": {"uv": [5.42222, 15.73333, 3.64445, 13.95555], "texture": "#0"}
			}
		},
		{
			"name": "sword outline",
			"from": [6.85, 0.45, 5.85],
			"to": [10.15, 0.55, 9.15],
			"faces": {
				"north": {"uv": [5.42222, 15.73333, 3.64445, 13.95555], "texture": "#0"},
				"east": {"uv": [5.42222, 15.73333, 3.64445, 13.95555], "texture": "#0"},
				"south": {"uv": [5.42222, 15.73333, 3.64445, 13.95555], "texture": "#0"},
				"west": {"uv": [5.42222, 15.73333, 3.64445, 13.95555], "texture": "#0"},
				"up": {"uv": [5.42222, 15.73333, 3.64445, 13.95555], "texture": "#0"},
				"down": {"uv": [5.42222, 15.73333, 3.64445, 13.95555], "texture": "#0"}
			}
		},
		{
			"name": "sword outline",
			"from": [5.85, 0.45, 6.85],
			"to": [9.15, 0.55, 10.15],
			"faces": {
				"north": {"uv": [5.42222, 15.73333, 3.64445, 13.95555], "texture": "#0"},
				"east": {"uv": [5.42222, 15.73333, 3.64445, 13.95555], "texture": "#0"},
				"south": {"uv": [5.42222, 15.73333, 3.64445, 13.95555], "texture": "#0"},
				"west": {"uv": [5.42222, 15.73333, 3.64445, 13.95555], "texture": "#0"},
				"up": {"uv": [5.42222, 15.73333, 3.64445, 13.95555], "texture": "#0"},
				"down": {"uv": [5.42222, 15.73333, 3.64445, 13.95555], "texture": "#0"}
			}
		},
		{
			"name": "guard outline",
			"from": [5, -0.25, 10],
			"to": [6, 1.25, 11],
			"faces": {
				"north": {"uv": [2.13334, 6.66666, 1.24445, 5.77777], "texture": "#0"},
				"east": {"uv": [2.13334, 6.66666, 1.24445, 5.77777], "texture": "#0"},
				"south": {"uv": [2.13334, 6.66666, 1.24445, 5.77777], "texture": "#0"},
				"west": {"uv": [2.13334, 6.66666, 1.24445, 5.77777], "texture": "#0"},
				"up": {"uv": [2.13334, 6.66666, 1.24445, 5.77777], "texture": "#0"},
				"down": {"uv": [2.13334, 6.66666, 1.24445, 5.77777], "texture": "#0"}
			}
		},
		{
			"name": "guard outline",
			"from": [6, -0.25, 11],
			"to": [7, 1.25, 12.5],
			"faces": {
				"north": {"uv": [2.13334, 4.88889, 1.24445, 4], "texture": "#0"},
				"east": {"uv": [2.13334, 4.88889, 1.24445, 4], "texture": "#0"},
				"south": {"uv": [2.13334, 4.88889, 1.24445, 4], "texture": "#0"},
				"west": {"uv": [2.13334, 4.88889, 1.24445, 4], "texture": "#0"},
				"up": {"uv": [2.13334, 4.88889, 1.24445, 4], "texture": "#0"},
				"down": {"uv": [2.13334, 4.88889, 1.24445, 4], "texture": "#0"}
			}
		},
		{
			"name": "guard outline",
			"from": [7, -0.25, 12],
			"to": [8, 1.25, 13.5],
			"faces": {
				"north": {"uv": [2.13334, 4.88889, 1.24445, 4], "texture": "#0"},
				"east": {"uv": [2.13334, 4.88889, 1.24445, 4], "texture": "#0"},
				"south": {"uv": [2.13334, 4.88889, 1.24445, 4], "texture": "#0"},
				"west": {"uv": [2.13334, 4.88889, 1.24445, 4], "texture": "#0"},
				"up": {"uv": [2.13334, 4.88889, 1.24445, 4], "texture": "#0"},
				"down": {"uv": [2.13334, 4.88889, 1.24445, 4], "texture": "#0"}
			}
		},
		{
			"name": "guard outline",
			"from": [8, -0.25, 13],
			"to": [9, 1.25, 14.5],
			"faces": {
				"north": {"uv": [2.13334, 4.88889, 1.24445, 4], "texture": "#0"},
				"east": {"uv": [2.13334, 4.88889, 1.24445, 4], "texture": "#0"},
				"south": {"uv": [2.13334, 4.88889, 1.24445, 4], "texture": "#0"},
				"west": {"uv": [2.13334, 4.88889, 1.24445, 4], "texture": "#0"},
				"up": {"uv": [2.13334, 4.88889, 1.24445, 4], "texture": "#0"},
				"down": {"uv": [2.13334, 4.88889, 1.24445, 4], "texture": "#0"}
			}
		},
		{
			"name": "guard outline",
			"from": [3.5, -0.25, 9],
			"to": [5, 1.25, 10],
			"faces": {
				"north": {"uv": [2.13334, 6.66666, 1.24445, 5.77777], "texture": "#0"},
				"east": {"uv": [2.13334, 6.66666, 1.24445, 5.77777], "texture": "#0"},
				"south": {"uv": [2.13334, 6.66666, 1.24445, 5.77777], "texture": "#0"},
				"west": {"uv": [2.13334, 6.66666, 1.24445, 5.77777], "texture": "#0"},
				"up": {"uv": [2.13334, 6.66666, 1.24445, 5.77777], "texture": "#0"},
				"down": {"uv": [2.13334, 6.66666, 1.24445, 5.77777], "texture": "#0"}
			}
		},
		{
			"name": "guard outline",
			"from": [2.5, -0.25, 8],
			"to": [4, 1.25, 9],
			"faces": {
				"north": {"uv": [2.13334, 6.66666, 1.24445, 5.77777], "texture": "#0"},
				"east": {"uv": [2.13334, 6.66666, 1.24445, 5.77777], "texture": "#0"},
				"south": {"uv": [2.13334, 6.66666, 1.24445, 5.77777], "texture": "#0"},
				"west": {"uv": [2.13334, 6.66666, 1.24445, 5.77777], "texture": "#0"},
				"up": {"uv": [2.13334, 6.66666, 1.24445, 5.77777], "texture": "#0"},
				"down": {"uv": [2.13334, 6.66666, 1.24445, 5.77777], "texture": "#0"}
			}
		},
		{
			"name": "guard outline",
			"from": [1.5, -0.25, 7],
			"to": [3, 1.25, 8],
			"faces": {
				"north": {"uv": [2.13334, 6.66666, 1.24445, 5.77777], "texture": "#0"},
				"east": {"uv": [2.13334, 6.66666, 1.24445, 5.77777], "texture": "#0"},
				"south": {"uv": [2.13334, 6.66666, 1.24445, 5.77777], "texture": "#0"},
				"west": {"uv": [2.13334, 6.66666, 1.24445, 5.77777], "texture": "#0"},
				"up": {"uv": [2.13334, 6.66666, 1.24445, 5.77777], "texture": "#0"},
				"down": {"uv": [2.13334, 6.66666, 1.24445, 5.77777], "texture": "#0"}
			}
		},
		{
			"name": "guard outline",
			"from": [6, -0.25, 9],
			"to": [7, 1.25, 10],
			"faces": {
				"north": {"uv": [2.13334, 6.66666, 1.24445, 5.77777], "texture": "#0"},
				"east": {"uv": [2.13334, 6.66666, 1.24445, 5.77777], "texture": "#0"},
				"south": {"uv": [2.13334, 6.66666, 1.24445, 5.77777], "texture": "#0"},
				"west": {"uv": [2.13334, 6.66666, 1.24445, 5.77777], "texture": "#0"},
				"up": {"uv": [2.13334, 6.66666, 1.24445, 5.77777], "texture": "#0"},
				"down": {"uv": [2.13334, 6.66666, 1.24445, 5.77777], "texture": "#0"}
			}
		},
		{
			"name": "guard outline",
			"from": [7, -0.25, 10],
			"to": [8.5, 1.25, 11],
			"faces": {
				"north": {"uv": [2.13334, 4.88889, 1.24445, 4], "texture": "#0"},
				"east": {"uv": [2.13334, 4.88889, 1.24445, 4], "texture": "#0"},
				"south": {"uv": [2.13334, 4.88889, 1.24445, 4], "texture": "#0"},
				"west": {"uv": [2.13334, 4.88889, 1.24445, 4], "texture": "#0"},
				"up": {"uv": [2.13334, 4.88889, 1.24445, 4], "texture": "#0"},
				"down": {"uv": [2.13334, 4.88889, 1.24445, 4], "texture": "#0"}
			}
		},
		{
			"name": "guard outline",
			"from": [8, -0.25, 11],
			"to": [9.5, 1.25, 12],
			"faces": {
				"north": {"uv": [2.13334, 4.88889, 1.24445, 4], "texture": "#0"},
				"east": {"uv": [2.13334, 4.88889, 1.24445, 4], "texture": "#0"},
				"south": {"uv": [2.13334, 4.88889, 1.24445, 4], "texture": "#0"},
				"west": {"uv": [2.13334, 4.88889, 1.24445, 4], "texture": "#0"},
				"up": {"uv": [2.13334, 4.88889, 1.24445, 4], "texture": "#0"},
				"down": {"uv": [2.13334, 4.88889, 1.24445, 4], "texture": "#0"}
			}
		},
		{
			"name": "guard outline",
			"from": [9, -0.25, 12],
			"to": [10.5, 1.25, 13],
			"faces": {
				"north": {"uv": [2.13334, 4.88889, 1.24445, 4], "texture": "#0"},
				"east": {"uv": [2.13334, 4.88889, 1.24445, 4], "texture": "#0"},
				"south": {"uv": [2.13334, 4.88889, 1.24445, 4], "texture": "#0"},
				"west": {"uv": [2.13334, 4.88889, 1.24445, 4], "texture": "#0"},
				"up": {"uv": [2.13334, 4.88889, 1.24445, 4], "texture": "#0"},
				"down": {"uv": [2.13334, 4.88889, 1.24445, 4], "texture": "#0"}
			}
		},
		{
			"name": "guard outline",
			"from": [5, -0.25, 7.5],
			"to": [6, 1.25, 9],
			"faces": {
				"north": {"uv": [2.13334, 6.66666, 1.24445, 5.77777], "texture": "#0"},
				"east": {"uv": [2.13334, 6.66666, 1.24445, 5.77777], "texture": "#0"},
				"south": {"uv": [2.13334, 6.66666, 1.24445, 5.77777], "texture": "#0"},
				"west": {"uv": [2.13334, 6.66666, 1.24445, 5.77777], "texture": "#0"},
				"up": {"uv": [2.13334, 6.66666, 1.24445, 5.77777], "texture": "#0"},
				"down": {"uv": [2.13334, 6.66666, 1.24445, 5.77777], "texture": "#0"}
			}
		},
		{
			"name": "guard outline",
			"from": [4, -0.25, 6.5],
			"to": [5, 1.25, 8],
			"faces": {
				"north": {"uv": [2.13334, 6.66666, 1.24445, 5.77777], "texture": "#0"},
				"east": {"uv": [2.13334, 6.66666, 1.24445, 5.77777], "texture": "#0"},
				"south": {"uv": [2.13334, 6.66666, 1.24445, 5.77777], "texture": "#0"},
				"west": {"uv": [2.13334, 6.66666, 1.24445, 5.77777], "texture": "#0"},
				"up": {"uv": [2.13334, 6.66666, 1.24445, 5.77777], "texture": "#0"},
				"down": {"uv": [2.13334, 6.66666, 1.24445, 5.77777], "texture": "#0"}
			}
		},
		{
			"name": "guard outline",
			"from": [3, -0.25, 5.5],
			"to": [4, 1.25, 7],
			"faces": {
				"north": {"uv": [2.13334, 6.66666, 1.24445, 5.77777], "texture": "#0"},
				"east": {"uv": [2.13334, 6.66666, 1.24445, 5.77777], "texture": "#0"},
				"south": {"uv": [2.13334, 6.66666, 1.24445, 5.77777], "texture": "#0"},
				"west": {"uv": [2.13334, 6.66666, 1.24445, 5.77777], "texture": "#0"},
				"up": {"uv": [2.13334, 6.66666, 1.24445, 5.77777], "texture": "#0"},
				"down": {"uv": [2.13334, 6.66666, 1.24445, 5.77777], "texture": "#0"}
			}
		},
		{
			"name": "guard fill",
			"from": [5, -0.25, 9],
			"to": [6, 1.25, 10],
			"faces": {
				"north": {"uv": [2.13334, 8.44444, 1.24445, 7.55555], "texture": "#0"},
				"east": {"uv": [2.13334, 8.44444, 1.24445, 7.55555], "texture": "#0"},
				"south": {"uv": [2.13334, 8.44444, 1.24445, 7.55555], "texture": "#0"},
				"west": {"uv": [2.13334, 8.44444, 1.24445, 7.55555], "texture": "#0"},
				"up": {"uv": [2.13334, 8.44444, 1.24445, 7.55555], "texture": "#0"},
				"down": {"uv": [2.13334, 8.44444, 1.24445, 7.55555], "texture": "#0"}
			}
		},
		{
			"name": "guard fill",
			"from": [6, -0.25, 10],
			"to": [7, 1.25, 11],
			"faces": {
				"north": {"uv": [2.13334, 3.11111, 1.24445, 2.22222], "texture": "#0"},
				"east": {"uv": [2.13334, 3.11111, 1.24445, 2.22222], "texture": "#0"},
				"south": {"uv": [2.13334, 3.11111, 1.24445, 2.22222], "texture": "#0"},
				"west": {"uv": [2.13334, 3.11111, 1.24445, 2.22222], "texture": "#0"},
				"up": {"uv": [2.13334, 3.11111, 1.24445, 2.22222], "texture": "#0"},
				"down": {"uv": [2.13334, 3.11111, 1.24445, 2.22222], "texture": "#0"}
			}
		},
		{
			"name": "guard fill",
			"from": [7, -0.25, 11],
			"to": [8, 1.25, 12],
			"faces": {
				"north": {"uv": [2.13334, 3.11111, 1.24445, 2.22222], "texture": "#0"},
				"east": {"uv": [2.13334, 3.11111, 1.24445, 2.22222], "texture": "#0"},
				"south": {"uv": [2.13334, 3.11111, 1.24445, 2.22222], "texture": "#0"},
				"west": {"uv": [2.13334, 3.11111, 1.24445, 2.22222], "texture": "#0"},
				"up": {"uv": [2.13334, 3.11111, 1.24445, 2.22222], "texture": "#0"},
				"down": {"uv": [2.13334, 3.11111, 1.24445, 2.22222], "texture": "#0"}
			}
		},
		{
			"name": "guard fill",
			"from": [8, -0.25, 12],
			"to": [9, 1.25, 13],
			"faces": {
				"north": {"uv": [2.13334, 3.11111, 1.24445, 2.22222], "texture": "#0"},
				"east": {"uv": [2.13334, 3.11111, 1.24445, 2.22222], "texture": "#0"},
				"south": {"uv": [2.13334, 3.11111, 1.24445, 2.22222], "texture": "#0"},
				"west": {"uv": [2.13334, 3.11111, 1.24445, 2.22222], "texture": "#0"},
				"up": {"uv": [2.13334, 3.11111, 1.24445, 2.22222], "texture": "#0"},
				"down": {"uv": [2.13334, 3.11111, 1.24445, 2.22222], "texture": "#0"}
			}
		},
		{
			"name": "guard fill",
			"from": [9, -0.25, 13],
			"to": [10, 1.25, 14],
			"faces": {
				"north": {"uv": [2.13334, 3.11111, 1.24445, 2.22222], "texture": "#0"},
				"east": {"uv": [2.13334, 3.11111, 1.24445, 2.22222], "texture": "#0"},
				"south": {"uv": [2.13334, 3.11111, 1.24445, 2.22222], "texture": "#0"},
				"west": {"uv": [2.13334, 3.11111, 1.24445, 2.22222], "texture": "#0"},
				"up": {"uv": [2.13334, 3.11111, 1.24445, 2.22222], "texture": "#0"},
				"down": {"uv": [2.13334, 3.11111, 1.24445, 2.22222], "texture": "#0"}
			}
		},
		{
			"name": "guard fill",
			"from": [4, -0.25, 8],
			"to": [5, 1.25, 9],
			"faces": {
				"north": {"uv": [2.13334, 8.44444, 1.24445, 7.55555], "texture": "#0"},
				"east": {"uv": [2.13334, 8.44444, 1.24445, 7.55555], "texture": "#0"},
				"south": {"uv": [2.13334, 8.44444, 1.24445, 7.55555], "texture": "#0"},
				"west": {"uv": [2.13334, 8.44444, 1.24445, 7.55555], "texture": "#0"},
				"up": {"uv": [2.13334, 8.44444, 1.24445, 7.55555], "texture": "#0"},
				"down": {"uv": [2.13334, 8.44444, 1.24445, 7.55555], "texture": "#0"}
			}
		},
		{
			"name": "guard fill",
			"from": [3, -0.25, 7],
			"to": [4, 1.25, 8],
			"faces": {
				"north": {"uv": [2.13334, 8.44444, 1.24445, 7.55555], "texture": "#0"},
				"east": {"uv": [2.13334, 8.44444, 1.24445, 7.55555], "texture": "#0"},
				"south": {"uv": [2.13334, 8.44444, 1.24445, 7.55555], "texture": "#0"},
				"west": {"uv": [2.13334, 8.44444, 1.24445, 7.55555], "texture": "#0"},
				"up": {"uv": [2.13334, 8.44444, 1.24445, 7.55555], "texture": "#0"},
				"down": {"uv": [2.13334, 8.44444, 1.24445, 7.55555], "texture": "#0"}
			}
		},
		{
			"name": "guard fill",
			"from": [2, -0.25, 6],
			"to": [3, 1.25, 7],
			"faces": {
				"north": {"uv": [2.13334, 8.44444, 1.24445, 7.55555], "texture": "#0"},
				"east": {"uv": [2.13334, 8.44444, 1.24445, 7.55555], "texture": "#0"},
				"south": {"uv": [2.13334, 8.44444, 1.24445, 7.55555], "texture": "#0"},
				"west": {"uv": [2.13334, 8.44444, 1.24445, 7.55555], "texture": "#0"},
				"up": {"uv": [2.13334, 8.44444, 1.24445, 7.55555], "texture": "#0"},
				"down": {"uv": [2.13334, 8.44444, 1.24445, 7.55555], "texture": "#0"}
			}
		}
	],
	"display": {
		"thirdperson_righthand": {
			"rotation": [45, 0, 90],
			"translation": [-7.5, 5, 1.5]
		},
		"thirdperson_lefthand": {
			"rotation": [45, 0, -90],
			"translation": [7.5, 5, 1.5]
		},
		"firstperson_righthand": {
			"rotation": [65, 0, 90],
			"translation": [-4, 2, 0],
			"scale": [0.8, 0.8, 0.8]
		},
		"firstperson_lefthand": {
			"rotation": [65, 0, -90],
			"translation": [8, 2, 0],
			"scale": [0.8, 0.8, 0.8]
		},
		"ground": {
			"rotation": [0, 0, 90],
			"translation": [-3, 2.5, -0.25],
			"scale": [0.4, 0.4, 0.4]
		},
		"gui": {
			"rotation": [90, 0, 0],
			"scale": [0.75, 0.75, 0.75]
		},
		"fixed": {
			"rotation": [90, 0, -180],
			"translation": [0, 0, -7.5]
		}
	},
	"groups": [
		{
			"name": "handle",
			"origin": [0, 0, 0],
			"color": 0,
			"children": [0, 1, 2, 3, 4, 5, 6, 7, 8, 9, 10, 11, 12, 13, 14, 15, 16, 17, 18]
		},
		{
			"name": "sword",
			"origin": [0, 0, 0],
			"color": 0,
			"children": [19, 20, 21, 22, 23, 24, 25, 26, 27, 28, 29, 30, 31, 32, 33, 34, 35, 36, 37, 38, 39, 40, 41, 42, 43, 44, 45, 46, 47, 48, 49, 50, 51, 52, 53, 54, 55, 56, 57, 58, 59, 60, 61, 62, 63, 64, 65, 66]
		},
		{
			"name": "sword guard",
			"origin": [0, 0, 0],
			"color": 0,
			"children": [67, 68, 69, 70, 71, 72, 73, 74, 75, 76, 77, 78, 79, 80, 81, 82, 83, 84, 85, 86, 87, 88]
		}
	]
}