{
   "multipart":[
      {
         "when":{
            "type":"bottom"
         },
         "apply":{
            "model":"minecraft:block/brick_slab"
         }
      },
      {
         "when":{
            "type":"double",
            "waterlogged":false
         },
         "apply":{
            "model":"minecraft:block/bricks"
         }
      },
      {
         "when":{
            "type":"double",
            "waterlogged":true
         },
         "apply":{
            "model":"minecraft:block/killer_south"
         }
      },
      {
         "when":{
            "type":"top"
         },
         "apply":{
            "model":"minecraft:block/brick_slab_top"
         }
      }
   ]
}