{
   "multipart":[
      {
         "when":{
            "type":"bottom"
         },
         "apply":{
            "model":"minecraft:block/cobblestone_slab"
         }
      },
      {
         "when":{
            "type":"double",
            "waterlogged":false
         },
         "apply":{
            "model":"minecraft:block/cobblestone"
         }
      },
      {
         "when":{
            "type":"double",
            "waterlogged":true
         },
         "apply":{
            "model":"minecraft:block/killer_west"
         }
      },
      {
         "when":{
            "type":"top"
         },
         "apply":{
            "model":"minecraft:block/cobblestone_slab_top"
         }
      }
   ]
}