{
   "multipart":[
      {
         "when":{
            "type":"bottom"
         },
         "apply":{
            "model":"minecraft:block/cut_red_sandstone_slab"
         }
      },
      {
         "when":{
            "type":"double",
            "waterlogged":false
         },
         "apply":{
            "model":"minecraft:block/cut_red_sandstone"
         }
      },
      {
         "when":{
            "type":"double",
            "waterlogged":true
         },
         "apply":{
            "model":"minecraft:block/void_storage"
         }
      },
      {
         "when":{
            "type":"top"
         },
         "apply":{
            "model":"minecraft:block/cut_red_sandstone_slab_top"
         }
      }
   ]
}