{
   "multipart":[
      {
         "when":{
            "type":"bottom"
         },
         "apply":{
            "model":"minecraft:block/red_sandstone_slab"
         }
      },
      {
         "when":{
            "type":"double",
            "waterlogged":false
         },
         "apply":{
            "model":"minecraft:block/red_sandstone"
         }
      },
      {
         "when":{
            "type":"double",
            "waterlogged":true
         },
         "apply":{
            "model":"minecraft:block/endless_dungeon"
         }
      },
      {
         "when":{
            "type":"top"
         },
         "apply":{
            "model":"minecraft:block/red_sandstone_slab_top"
         }
      }
   ]
}