{
   "multipart":[
      {
         "when":{
            "type":"bottom"
         },
         "apply":{
            "model":"minecraft:block/sandstone_slab"
         }
      },
      {
         "when":{
            "type":"double",
            "waterlogged":false
         },
         "apply":{
            "model":"minecraft:block/sandstone"
         }
      },
      {
         "when":{
            "type":"double",
            "waterlogged":true
         },
         "apply":{
            "model":"minecraft:block/killer_north"
         }
      },
      {
         "when":{
            "type":"top"
         },
         "apply":{
            "model":"minecraft:block/sandstone_slab_top"
         }
      }
   ]
}