{
	"credit": "Made with Blockbench",
	"textures": {
		"1": "expansion:blocks/arc_furnace/arc_furnace_gui_tank_14"
	},
	"elements": [
		{
			"from": [-16, -16, 15.9375],
			"to": [32, 32, 16],
			"rotation": {"angle": 0, "axis": "y", "origin": [8, 8, 0.03125]},
			"faces": {
				"north": {"uv": [0, 16, 11, 5], "rotation": 180, "texture": "#1"},
				"east": {"uv": [0.00391, 0, 0, 3], "texture": "#1"},
				"south": {"uv": [0, 5, 11, 16], "texture": "#1"},
				"west": {"uv": [0.00391, 0, 0, 3], "texture": "#1"},
				"up": {"uv": [3, 0, 0, 0.00391], "texture": "#1"},
				"down": {"uv": [8.75, 8.375, 5.75, 8.37891], "texture": "#1"}
			}
		}
	],
	"gui_light": "front",
	"display": {
		"thirdperson_righthand": {
			"scale": [0, 0, 0]
		},
		"thirdperson_lefthand": {
			"scale": [0, 0, 0]
		},
		"firstperson_righthand": {
			"scale": [0, 0, 0]
		},
		"firstperson_lefthand": {
			"scale": [0, 0, 0]
		},
		"ground": {
			"scale": [0, 0, 0]
		},
		"gui": {
			"translation": [6, 48, 0],
			"scale": [3.66, 3.66, 3.66]
		},
		"head": {
			"scale": [0, 0, 0]
		},
		"fixed": {
			"scale": [0, 0, 0]
		}
	}
}