{
  "parent": "item/warped_fungus_on_a_stick",
  "textures": {
    "layer0": "extravanilla:item/celestial_pathfinder"
  },
  "display": {
    "thirdperson_righthand": {
        "rotation": [ 0, 0, 0 ],
        "translation": [ 0, 3, 1 ],
        "scale": [ 0.55, 0.55, 0.55 ]
    },
    "thirdperson_lefthand": {
        "rotation": [ 0, 0, 0 ],
        "translation": [ 0, 3, 1 ],
        "scale": [ 0.55, 0.55, 0.55 ]
    },
    "firstperson_righthand": {
        "rotation": [ 0, -90, 25 ],
        "translation": [ 1.13, 3.2, 1.13 ],
        "scale": [ 0.68, 0.68, 0.68 ]
    },
    "firstperson_lefthand": {
        "rotation": [ 0, 90, -25 ],
        "translation": [ 1.13, 3.2, 1.13 ],
        "scale": [ 0.68, 0.68, 0.68 ]
    }
}
}