{
  "parent": "item/crossbow",
  "textures": {
    "layer0": "extravanilla:item/novaspark"
  },
  "display": {
    "thirdperson_righthand": {
      "rotation": [ -90, 0, -60 ],
      "translation": [ 2, 0.1, -3 ],
      "scale": [ 0.9, 0.9, 0.9 ]
    },
    "thirdperson_lefthand": {
      "rotation": [ -90, 0, 30 ],
      "translation": [ 2, 0.1, -3 ],
      "scale": [ 0.9, 0.9, 0.9 ]
    },
    "firstperson_righthand": {
      "rotation": [ -90, 0, -55 ],
      "translation": [ 1.13, 3.2, 1.13],
      "scale": [ 0.68, 0.68, 0.68 ]
    },
  	"firstperson_lefthand": {
      "rotation": [ -90, 0, 35 ],
      "translation": [ 1.13, 3.2, 1.13],
      "scale": [ 0.68, 0.68, 0.68 ]
    }
  },
  "overrides": [
		{
			"predicate": {
				"custom_model_data": 72736
			},
			"model": "extravanilla:item/novaspark"
		},
		{
			"predicate": {
				"custom_model_data": 72736,
				"pulling": 1
			},
			"model": "extravanilla:item/novaspark_pulling_0"
		},
		{
			"predicate": {
				"custom_model_data": 72736,
				"pulling": 1,
				"pull": 0.58
			},
			"model": "extravanilla:item/novaspark_pulling_1"
		},
		{
			"predicate": {
				"custom_model_data": 72736,  
				"pulling": 1,
				"pull": 1.0
			},
			"model": "extravanilla:item/novaspark_pulling_2"
		},
		{
			"predicate": {
				"custom_model_data": 72736,
				"charged": 1
			},
			"model": "extravanilla:item/novaspark_arrow"
		},
		{
			"predicate": {
				"custom_model_data": 72736,
				"charged": 1,
				"firework": 1
			},
			"model": "extravanilla:item/novaspark_firework"
		}
  ]
}
