{
  "parent": "minecraft:block/cube",
  "textures": {
    "down": "minecraft:block/advanced_crafting_table_bottom",
    "east": "minecraft:block/advanced_crafting_table_right",
    "north": "minecraft:block/advanced_crafting_table_front",
    "south": "minecraft:block/advanced_crafting_table_back",
    "up": "minecraft:block/advanced_crafting_table_top",
    "west": "minecraft:block/advanced_crafting_table_left"
  },
	"display": {
		"fixed": {
			"rotation": [-90, 180, 0],
			"translation": [0, 0, -16.001],
			"scale": [2.001, 2.001, 2.001]
		}
	}
}