{
  "parent": "minecraft:block/cube",
  "textures": {
    "down": "minecraft:block/fluid_tank_milk_bottom",
    "east": "minecraft:block/fluid_tank_milk_side",
    "north": "minecraft:block/fluid_tank_milk_side",
    "south": "minecraft:block/fluid_tank_milk_side",
    "up": "minecraft:block/fluid_tank_milk_top",
    "west": "minecraft:block/fluid_tank_milk_side"
  },
	"display": {
		"fixed": {
			"rotation": [-90, 180, 0],
			"translation": [0, 0, -16.001],
			"scale": [2.001, 2.001, 2.001]
		}
	}
}