{
	"parent": "block/block",
	"textures": {
		"down": "block/killer_back",
		"up": "block/killer_front",
		"north": "block/killer_top",
		"east": "block/killer_right",
		"south": "block/killer_bottom",
		"west": "block/killer_left"
	},
	"elements": [
		{
			"from": [0, 0, 0],
			"to": [16, 16, 16],
			"faces": {
				"north": {"uv": [0, 0, 16, 16], "texture": "#north", "cullface": "north"},
				"east": {"uv": [16, 16, 0, 0], "rotation": 270, "texture": "#west", "cullface": "east"},
				"south": {"uv": [16, 16, 0, 0], "texture": "#south", "cullface": "south"},
				"west": {"uv": [0, 0, 16, 16], "rotation": 270, "texture": "#east", "cullface": "west"},
				"up": {"uv": [0, 0, 16, 16], "texture": "#up", "cullface": "up"},
				"down": {"uv": [0, 0, 16, 16], "rotation": 180, "texture": "#down", "cullface": "down"}
			}
		}
	]
}