{
    "parent": "block/block",
    "elements": [
        {   "from": [ 0, 0, 0 ],
            "to": [ 16, 16, 16 ],
            "faces": {
                "down":  { "texture": "#down", "rotation": 90, "cullface": "down" },
                "up":    { "texture": "#up", "rotation": 270, "cullface": "up" },
                "north": { "texture": "#north", "cullface": "north" },
                "south": { "texture": "#south", "cullface": "south" },
                "west":  { "texture": "#west", "cullface": "west" },
                "east":  { "texture": "#east", "cullface": "east" }
            }
        }
    ],
    "textures": {
        "down": "minecraft:block/killer_bottom",
        "up": "minecraft:block/killer_top",
        "north": "minecraft:block/killer_right",
        "east": "minecraft:block/killer_back",
        "south": "minecraft:block/killer_left",
        "west": "minecraft:block/killer_front"
    }
}