{
	"credit": "Made with Blockbench",
	"texture_size": [64, 64],
	"textures": {
		"1": "expansion:tools/oxygen_tank"
	},
	"elements": [
		{
			"name": "octagon",
			"from": [6.96447, 0, 5.5],
			"to": [9.03553, 13, 10.5],
			"rotation": {"angle": 45, "axis": "y", "origin": [8, 8.5, 8]},
			"faces": {
				"north": {"uv": [6, 0, 6.5, 3.25], "texture": "#1"},
				"east": {"uv": [0, 0, 1.25, 3.25], "texture": "#1"},
				"south": {"uv": [6, 3.5, 6.5, 6.75], "texture": "#1"},
				"west": {"uv": [1.5, 0, 2.75, 3.25], "texture": "#1"},
				"up": {"uv": [3.5, 8.25, 3, 7], "texture": "#1"},
				"down": {"uv": [4.25, 7, 3.75, 8.25], "texture": "#1"}
			}
		},
		{
			"name": "octagon",
			"from": [6.96447, 0, 5.5],
			"to": [9.03553, 13, 10.5],
			"rotation": {"angle": 0, "axis": "y", "origin": [8, 8.5, 8]},
			"faces": {
				"north": {"uv": [6.75, 0, 7.25, 3.25], "texture": "#1"},
				"east": {"uv": [3, 0, 4.25, 3.25], "texture": "#1"},
				"south": {"uv": [6.75, 3.5, 7.25, 6.75], "texture": "#1"},
				"west": {"uv": [0, 3.5, 1.25, 6.75], "texture": "#1"},
				"up": {"uv": [5, 8.25, 4.5, 7], "texture": "#1"},
				"down": {"uv": [5.75, 7, 5.25, 8.25], "texture": "#1"}
			}
		},
		{
			"name": "octagon",
			"from": [5.5, 0, 6.96447],
			"to": [10.5, 13, 9.03553],
			"rotation": {"angle": 45, "axis": "y", "origin": [8, 8.5, 8]},
			"faces": {
				"north": {"uv": [1.5, 3.5, 2.75, 6.75], "texture": "#1"},
				"east": {"uv": [0, 7, 0.5, 10.25], "texture": "#1"},
				"south": {"uv": [3, 3.5, 4.25, 6.75], "texture": "#1"},
				"west": {"uv": [0.75, 7, 1.25, 10.25], "texture": "#1"},
				"up": {"uv": [7.25, 7.5, 6, 7], "texture": "#1"},
				"down": {"uv": [8.75, 0, 7.5, 0.5], "texture": "#1"}
			}
		},
		{
			"name": "octagon",
			"from": [5.5, 0, 6.96447],
			"to": [10.5, 13, 9.03553],
			"rotation": {"angle": 0, "axis": "y", "origin": [8, 6.5, 8]},
			"faces": {
				"north": {"uv": [4.5, 0, 5.75, 3.25], "texture": "#1"},
				"east": {"uv": [1.5, 7, 2, 10.25], "texture": "#1"},
				"south": {"uv": [4.5, 3.5, 5.75, 6.75], "texture": "#1"},
				"west": {"uv": [2.25, 7, 2.75, 10.25], "texture": "#1"},
				"up": {"uv": [8.75, 1.25, 7.5, 0.75], "texture": "#1"},
				"down": {"uv": [8.75, 1.5, 7.5, 2], "texture": "#1"}
			}
		},
		{
			"from": [6.9, 13, 6.9],
			"to": [9.1, 14.45, 9.1],
			"rotation": {"angle": 0, "axis": "y", "origin": [15, 21, 16]},
			"faces": {
				"north": {"uv": [8.25, 3.75, 8.75, 4], "texture": "#1"},
				"east": {"uv": [8.25, 4.25, 8.75, 4.5], "texture": "#1"},
				"south": {"uv": [8.25, 4.75, 8.75, 5], "texture": "#1"},
				"west": {"uv": [8.25, 5.25, 8.75, 5.5], "texture": "#1"},
				"up": {"uv": [8, 2.75, 7.5, 2.25], "texture": "#1"},
				"down": {"uv": [8, 3, 7.5, 3.5], "texture": "#1"}
			}
		},
		{
			"from": [7.15, 14.45, 7.15],
			"to": [8.85, 14.9, 8.85],
			"rotation": {"angle": 0, "axis": "y", "origin": [15, 20.95, 16]},
			"faces": {
				"north": {"uv": [8.75, 6.75, 9.25, 7], "texture": "#1"},
				"east": {"uv": [8.75, 7.25, 9.25, 7.5], "texture": "#1"},
				"south": {"uv": [8.5, 8.75, 9, 9], "texture": "#1"},
				"west": {"uv": [9, 0, 9.5, 0.25], "texture": "#1"},
				"up": {"uv": [8.75, 2.75, 8.25, 2.25], "texture": "#1"},
				"down": {"uv": [8.75, 3, 8.25, 3.5], "texture": "#1"}
			}
		},
		{
			"from": [7.55, 16.35, 7.55],
			"to": [8.45, 16.8, 8.45],
			"rotation": {"angle": 0, "axis": "y", "origin": [15, 20.85, 16]},
			"faces": {
				"north": {"uv": [9, 8.25, 9.25, 8.5], "texture": "#1"},
				"east": {"uv": [3, 9.25, 3.25, 9.5], "texture": "#1"},
				"south": {"uv": [3.5, 9.25, 3.75, 9.5], "texture": "#1"},
				"west": {"uv": [4, 9.25, 4.25, 9.5], "texture": "#1"},
				"up": {"uv": [4.75, 9.5, 4.5, 9.25], "texture": "#1"},
				"down": {"uv": [5.25, 9.25, 5, 9.5], "texture": "#1"}
			}
		},
		{
			"from": [7.4, 14.9, 7.4],
			"to": [8.6, 16.35, 8.6],
			"rotation": {"angle": 0, "axis": "y", "origin": [15, 20.9, 16]},
			"faces": {
				"north": {"uv": [9.5, 2.5, 9.75, 2.75], "texture": "#1"},
				"east": {"uv": [9.5, 3, 9.75, 3.25], "texture": "#1"},
				"south": {"uv": [9.5, 3.5, 9.75, 3.75], "texture": "#1"},
				"west": {"uv": [9.5, 4, 9.75, 4.25], "texture": "#1"},
				"up": {"uv": [9.75, 4.75, 9.5, 4.5], "texture": "#1"},
				"down": {"uv": [9.75, 5, 9.5, 5.25], "texture": "#1"}
			}
		},
		{
			"from": [8.6, 15.15, 7.65],
			"to": [9.8, 15.85, 8.35],
			"rotation": {"angle": 0, "axis": "y", "origin": [15.2, 20.9, 16]},
			"faces": {
				"north": {"uv": [7, 9.25, 7.25, 9.5], "texture": "#1"},
				"east": {"uv": [8.5, 9.25, 8.75, 9.5], "texture": "#1"},
				"south": {"uv": [9.25, 8.75, 9.5, 9], "texture": "#1"},
				"west": {"uv": [9, 9.25, 9.25, 9.5], "texture": "#1"},
				"up": {"uv": [9.75, 1.75, 9.5, 1.5], "texture": "#1"},
				"down": {"uv": [9.75, 2, 9.5, 2.25], "texture": "#1"}
			}
		},
		{
			"from": [9.3, 15.15, 7.15],
			"to": [9.75, 15.85, 8.85],
			"rotation": {"angle": -45, "axis": "x", "origin": [9.9, 15.5, 8]},
			"faces": {
				"north": {"uv": [7.5, 9.5, 7.75, 9.75], "texture": "#1"},
				"east": {"uv": [9, 0.5, 9.5, 0.75], "texture": "#1"},
				"south": {"uv": [9.5, 7.5, 9.75, 7.75], "texture": "#1"},
				"west": {"uv": [9, 1, 9.5, 1.25], "texture": "#1"},
				"up": {"uv": [9.25, 2, 9, 1.5], "texture": "#1"},
				"down": {"uv": [9.25, 2.25, 9, 2.75], "texture": "#1"}
			}
		},
		{
			"from": [9.3, 14.65, 7.65],
			"to": [9.75, 16.35, 8.35],
			"rotation": {"angle": -45, "axis": "x", "origin": [9.9, 15.5, 8]},
			"faces": {
				"north": {"uv": [9, 3, 9.25, 3.5], "texture": "#1"},
				"east": {"uv": [9, 3.75, 9.25, 4.25], "texture": "#1"},
				"south": {"uv": [9, 4.5, 9.25, 5], "texture": "#1"},
				"west": {"uv": [5.5, 9, 5.75, 9.5], "texture": "#1"},
				"up": {"uv": [8.25, 9.75, 8, 9.5], "texture": "#1"},
				"down": {"uv": [9.75, 8, 9.5, 8.25], "texture": "#1"}
			}
		},
		{
			"from": [7.65, 15.4, 8.6],
			"to": [8.35, 16.1, 9.05],
			"rotation": {"angle": 0, "axis": "y", "origin": [7.75, 16, 9.2]},
			"faces": {
				"north": {"uv": [9.5, 5.5, 9.75, 5.75], "texture": "#1"},
				"east": {"uv": [6, 9.5, 6.25, 9.75], "texture": "#1"},
				"south": {"uv": [9.5, 6, 9.75, 6.25], "texture": "#1"},
				"west": {"uv": [6.5, 9.5, 6.75, 9.75], "texture": "#1"},
				"up": {"uv": [9.75, 6.75, 9.5, 6.5], "texture": "#1"},
				"down": {"uv": [9.75, 7, 9.5, 7.25], "texture": "#1"}
			}
		},
		{
			"from": [7.45, 15.2, 9.05],
			"to": [8.55, 16.3, 9.5],
			"rotation": {"angle": 0, "axis": "y", "origin": [8, 15.75, 9.275]},
			"faces": {
				"north": {"uv": [9, 10.25, 9.25, 10.5], "texture": "#1"},
				"east": {"uv": [9.5, 10.25, 9.75, 10.5], "texture": "#1"},
				"south": {"uv": [0, 10.5, 0.25, 10.75], "texture": "#1"},
				"west": {"uv": [0.5, 10.5, 0.75, 10.75], "texture": "#1"},
				"up": {"uv": [1.25, 10.75, 1, 10.5], "texture": "#1"},
				"down": {"uv": [1.75, 10.5, 1.5, 10.75], "texture": "#1"}
			}
		},
		{
			"from": [7.85, 15.6, 9.15],
			"to": [7.95, 16.1, 9.6],
			"rotation": {"angle": 45, "axis": "z", "origin": [7.75, 15.75, 9.375]},
			"faces": {
				"north": {"uv": [9, 5.25, 9.25, 5.5], "texture": "#1"},
				"east": {"uv": [6, 9, 6.25, 9.25], "texture": "#1"},
				"south": {"uv": [6.5, 9, 6.75, 9.25], "texture": "#1"},
				"west": {"uv": [7.5, 9, 7.75, 9.25], "texture": "#1"},
				"up": {"uv": [9.25, 8, 9, 7.75], "texture": "#1"},
				"down": {"uv": [8.25, 9, 8, 9.25], "texture": "#1"}
			}
		},
		{
			"from": [7.15, 15.4, 9.05],
			"to": [7.45, 16.1, 9.65],
			"rotation": {"angle": 0, "axis": "y", "origin": [7.75, 16, 8.65]},
			"faces": {
				"north": {"uv": [9.5, 9.25, 9.75, 9.5], "texture": "#1"},
				"east": {"uv": [9.75, 0, 10, 0.25], "texture": "#1"},
				"south": {"uv": [9.75, 0.5, 10, 0.75], "texture": "#1"},
				"west": {"uv": [9.75, 1, 10, 1.25], "texture": "#1"},
				"up": {"uv": [3.25, 10, 3, 9.75], "texture": "#1"},
				"down": {"uv": [3.75, 9.75, 3.5, 10], "texture": "#1"}
			}
		},
		{
			"from": [7.65, 16.3, 9.05],
			"to": [8.35, 16.6, 9.65],
			"rotation": {"angle": 0, "axis": "z", "origin": [8, 15.75, 9.15]},
			"faces": {
				"north": {"uv": [4, 9.75, 4.25, 10], "texture": "#1"},
				"east": {"uv": [4.5, 9.75, 4.75, 10], "texture": "#1"},
				"south": {"uv": [5, 9.75, 5.25, 10], "texture": "#1"},
				"west": {"uv": [5.5, 9.75, 5.75, 10], "texture": "#1"},
				"up": {"uv": [7.25, 10, 7, 9.75], "texture": "#1"},
				"down": {"uv": [8.75, 9.75, 8.5, 10], "texture": "#1"}
			}
		},
		{
			"from": [8.55, 15.4, 9.05],
			"to": [8.85, 16.1, 9.65],
			"rotation": {"angle": 45, "axis": "z", "origin": [8, 15.75, 9.15]},
			"faces": {
				"north": {"uv": [9.75, 8.5, 10, 8.75], "texture": "#1"},
				"east": {"uv": [9, 9.75, 9.25, 10], "texture": "#1"},
				"south": {"uv": [9.5, 9.75, 9.75, 10], "texture": "#1"},
				"west": {"uv": [10, 1.5, 10.25, 1.75], "texture": "#1"},
				"up": {"uv": [10.25, 2.25, 10, 2], "texture": "#1"},
				"down": {"uv": [10.25, 2.5, 10, 2.75], "texture": "#1"}
			}
		},
		{
			"from": [7.15, 15.4, 9.05],
			"to": [7.45, 16.1, 9.65],
			"rotation": {"angle": -45, "axis": "z", "origin": [8, 15.75, 9.15]},
			"faces": {
				"north": {"uv": [10, 3, 10.25, 3.25], "texture": "#1"},
				"east": {"uv": [10, 3.5, 10.25, 3.75], "texture": "#1"},
				"south": {"uv": [10, 4, 10.25, 4.25], "texture": "#1"},
				"west": {"uv": [10, 4.5, 10.25, 4.75], "texture": "#1"},
				"up": {"uv": [10.25, 5.25, 10, 5], "texture": "#1"},
				"down": {"uv": [10.25, 5.5, 10, 5.75], "texture": "#1"}
			}
		},
		{
			"from": [8.54853, 15.40355, 9.05],
			"to": [8.84853, 16.10355, 9.65],
			"rotation": {"angle": 0, "axis": "z", "origin": [8.18603, 15.30089, 9.35]},
			"faces": {
				"north": {"uv": [4.5, 10.25, 4.75, 10.5], "texture": "#1"},
				"east": {"uv": [5, 10.25, 5.25, 10.5], "texture": "#1"},
				"south": {"uv": [5.5, 10.25, 5.75, 10.5], "texture": "#1"},
				"west": {"uv": [7, 10.25, 7.25, 10.5], "texture": "#1"},
				"up": {"uv": [8.75, 10.5, 8.5, 10.25], "texture": "#1"},
				"down": {"uv": [10.5, 8.5, 10.25, 8.75], "texture": "#1"}
			}
		},
		{
			"from": [8.28336, 15.13839, 9.05],
			"to": [8.58336, 15.83839, 9.65],
			"rotation": {"angle": -45, "axis": "z", "origin": [8.18603, 15.30089, 9.35]},
			"faces": {
				"north": {"uv": [10.25, 0, 10.5, 0.25], "texture": "#1"},
				"east": {"uv": [10.25, 0.5, 10.5, 0.75], "texture": "#1"},
				"south": {"uv": [10.25, 1, 10.5, 1.25], "texture": "#1"},
				"west": {"uv": [3, 10.25, 3.25, 10.5], "texture": "#1"},
				"up": {"uv": [3.75, 10.5, 3.5, 10.25], "texture": "#1"},
				"down": {"uv": [4.25, 10.25, 4, 10.5], "texture": "#1"}
			}
		},
		{
			"from": [7.64853, 14.90355, 9.05],
			"to": [8.34853, 15.20355, 9.65],
			"rotation": {"angle": 0, "axis": "z", "origin": [8.18603, 15.30089, 9.35]},
			"faces": {
				"north": {"uv": [10, 7.5, 10.25, 7.75], "texture": "#1"},
				"east": {"uv": [8, 10, 8.25, 10.25], "texture": "#1"},
				"south": {"uv": [10, 8, 10.25, 8.25], "texture": "#1"},
				"west": {"uv": [10, 9, 10.25, 9.25], "texture": "#1"},
				"up": {"uv": [10.25, 9.75, 10, 9.5], "texture": "#1"},
				"down": {"uv": [10.25, 10, 10, 10.25], "texture": "#1"}
			}
		},
		{
			"from": [7.38336, 14.63839, 9.05],
			"to": [8.08336, 14.93839, 9.65],
			"rotation": {"angle": -45, "axis": "z", "origin": [8.18603, 15.30089, 9.35]},
			"faces": {
				"north": {"uv": [6, 10, 6.25, 10.25], "texture": "#1"},
				"east": {"uv": [10, 6, 10.25, 6.25], "texture": "#1"},
				"south": {"uv": [6.5, 10, 6.75, 10.25], "texture": "#1"},
				"west": {"uv": [10, 6.5, 10.25, 6.75], "texture": "#1"},
				"up": {"uv": [10.25, 7.25, 10, 7], "texture": "#1"},
				"down": {"uv": [7.75, 10, 7.5, 10.25], "texture": "#1"}
			}
		},
		{
			"from": [8.58579, 12.20711, 6.96443],
			"to": [9.58579, 14.20711, 9.03553],
			"rotation": {"angle": 45, "axis": "z", "origin": [9.08579, 13.70711, 7.99998]},
			"faces": {
				"north": {"uv": [8.25, 5.75, 8.5, 6.25], "texture": "#1"},
				"east": {"uv": [7.5, 3.75, 8, 4.25], "texture": "#1"},
				"south": {"uv": [8.25, 6.5, 8.5, 7], "texture": "#1"},
				"west": {"uv": [7.5, 4.5, 8, 5], "texture": "#1"},
				"up": {"uv": [8.5, 7.75, 8.25, 7.25], "texture": "#1"},
				"down": {"uv": [7.75, 8.25, 7.5, 8.75], "texture": "#1"}
			}
		},
		{
			"from": [6.41421, 12.20711, 6.96443],
			"to": [7.41421, 14.20711, 9.03553],
			"rotation": {"angle": -45, "axis": "z", "origin": [6.91421, 13.70711, 7.99998]},
			"faces": {
				"north": {"uv": [8, 8.25, 8.25, 8.75], "texture": "#1"},
				"east": {"uv": [7.5, 5.25, 8, 5.75], "texture": "#1"},
				"south": {"uv": [3, 8.5, 3.25, 9], "texture": "#1"},
				"west": {"uv": [7.5, 6, 8, 6.5], "texture": "#1"},
				"up": {"uv": [3.75, 9, 3.5, 8.5], "texture": "#1"},
				"down": {"uv": [4.25, 8.5, 4, 9], "texture": "#1"}
			}
		},
		{
			"from": [6.96447, 12.06066, 6.76777],
			"to": [9.03557, 14.06066, 7.76777],
			"rotation": {"angle": 45, "axis": "x", "origin": [7.96447, 14.06066, 7.26777]},
			"faces": {
				"north": {"uv": [7.5, 6.75, 8, 7.25], "texture": "#1"},
				"east": {"uv": [4.5, 8.5, 4.75, 9], "texture": "#1"},
				"south": {"uv": [7.5, 7.5, 8, 8], "texture": "#1"},
				"west": {"uv": [5, 8.5, 5.25, 9], "texture": "#1"},
				"up": {"uv": [6, 8.75, 5.5, 8.5], "texture": "#1"},
				"down": {"uv": [6.75, 8.5, 6.25, 8.75], "texture": "#1"}
			}
		},
		{
			"from": [6.96447, 12.20711, 8.58579],
			"to": [9.03557, 14.20711, 9.58579],
			"rotation": {"angle": -45, "axis": "x", "origin": [8.00002, 13.70711, 9.08579]},
			"faces": {
				"north": {"uv": [6, 7.75, 6.5, 8.25], "texture": "#1"},
				"east": {"uv": [7, 8.5, 7.25, 9], "texture": "#1"},
				"south": {"uv": [6.75, 7.75, 7.25, 8.25], "texture": "#1"},
				"west": {"uv": [8.5, 8, 8.75, 8.5], "texture": "#1"},
				"up": {"uv": [9.25, 6, 8.75, 5.75], "texture": "#1"},
				"down": {"uv": [9.25, 6.25, 8.75, 6.5], "texture": "#1"}
			}
		}
	],
	"display": {
		"ground": {
			"translation": [0, 7, 0]
		},
		"gui": {
			"rotation": [0, 0, 49],
			"translation": [-0.25, 0.5, 0]
		},
		"head": {
			"translation": [0, -13.25, 0],
			"scale": [4, 4, 4]
		},
		"fixed": {
			"rotation": [-90, 0, 0],
			"translation": [0, 0, -16],
			"scale": [2, 2, 2]
		}
	},
	"groups": [
		{
			"name": "octagon",
			"origin": [8, 8, 8],
			"color": 0,
			"children": [0, 1, 2, 3]
		}, 4, 5, 6, 7, 8, 9, 10, 11, 12, 13, 14, 15, 16, 17, 18, 19, 20, 21, 22, 23, 24, 25]
}