{
	"credit": "Made with Blockbench",
	"textures": {
		"0": "expansion:items/steel_plate",
		"particle": "expansion:items/steel_plate"
	},
	"elements": [
		{
			"from": [1, 0.5, 7.5],
			"to": [15, 14.5, 8.5],
			"rotation": {"angle": 0, "axis": "x", "origin": [8, 7.5, 8]},
			"faces": {
				"north": {"uv": [1, 1, 15, 15], "rotation": 180, "texture": "#0"},
				"east": {"uv": [1, 1, 15, 2], "rotation": 90, "texture": "#0"},
				"south": {"uv": [1, 1, 15, 15], "texture": "#0"},
				"west": {"uv": [1, 1, 15, 2], "rotation": 270, "texture": "#0"},
				"up": {"uv": [1, 1, 15, 2], "texture": "#0"},
				"down": {"uv": [1, 1, 15, 2], "rotation": 180, "texture": "#0"}
			}
		}
	],
	"gui_light": "front",
	"display": {
		"thirdperson_righthand": {
			"translation": [0, 3, 1],
			"scale": [0.55, 0.55, 0.55]
		},
		"thirdperson_lefthand": {
			"translation": [0, 3, 1],
			"scale": [0.55, 0.55, 0.55]
		},
		"firstperson_righthand": {
			"rotation": [0, -90, 25],
			"translation": [1.13, 3.2, 1.13],
			"scale": [0.68, 0.68, 0.68]
		},
		"firstperson_lefthand": {
			"rotation": [0, -90, 25],
			"translation": [1.13, 3.2, 1.13],
			"scale": [0.68, 0.68, 0.68]
		},
		"ground": {
			"translation": [0, 2, 0],
			"scale": [0.5, 0.5, 0.5]
		},
		"gui": {
			"translation": [0, 0.5, 0]
		},
		"head": {
			"rotation": [0, 180, 0],
			"translation": [0, 13, 7]
		},
		"fixed": {
			"rotation": [0, 180, 0]
		}
	}
}